Hillary Clinton,0.56,2016-03-11.09:04:43
Donald Trump,0.30,2016-03-11.09:04:43
Bernie Sanders,0.15,2016-03-11.09:04:43
Ted Cruz,0.08,2016-03-11.09:04:43
John Kasich,0.03,2016-03-11.09:04:43
Marco Rubio,0.02,2016-03-11.09:04:43
Joe Biden,0.02,2016-03-11.09:04:43
Mitt Romney,0.01,2016-03-11.09:04:43
Jeb Bush ,0.01,2016-03-11.09:04:43
Chris Christie ,0.01,2016-03-11.09:04:43
Michael Bloomberg,0.01,2016-03-11.09:04:43
Sarah Palin,0.01,2016-03-11.09:04:43
Elizabeth Warren,0.01,2016-03-11.09:04:43
Rand Paul,0.01,2016-03-11.09:04:43
Martin O'Malley,0.01,2016-03-11.09:04:43
Jerry Brown,0.01,2016-03-11.09:04:43
Lindsey Graham,0.01,2016-03-11.09:04:43
Mike Huckabee,0.01,2016-03-11.09:04:43
Scott Walker,0.01,2016-03-11.09:04:43
Mike Pence,0.01,2016-03-11.09:04:43
Carly Fiorina,0.01,2016-03-11.09:04:43
Rick Perry,0.01,2016-03-11.09:04:43
Rick Santorum,0.01,2016-03-11.09:04:43
Ben Carson,0.01,2016-03-11.09:04:43
Paul Ryan,0.01,2016-03-11.09:04:43
Bobby Jindal,0.01,2016-03-11.09:04:43
Lincoln Chafee,0.01,2016-03-11.09:04:43
Bill de Blasio,0.01,2016-03-11.09:04:43
Jim Webb,0.01,2016-03-11.09:04:43
George Pataki,0.01,2016-03-11.09:04:43
Hillary Clinton,0.56,2016-03-11.09:06:10
Donald Trump,0.30,2016-03-11.09:06:10
Bernie Sanders,0.15,2016-03-11.09:06:10
Ted Cruz,0.08,2016-03-11.09:06:10
John Kasich,0.03,2016-03-11.09:06:10
Marco Rubio,0.02,2016-03-11.09:06:10
Joe Biden,0.02,2016-03-11.09:06:10
Mitt Romney,0.01,2016-03-11.09:06:10
Jeb Bush ,0.01,2016-03-11.09:06:10
Chris Christie ,0.01,2016-03-11.09:06:10
Michael Bloomberg,0.01,2016-03-11.09:06:10
Sarah Palin,0.01,2016-03-11.09:06:10
Elizabeth Warren,0.01,2016-03-11.09:06:10
Rand Paul,0.01,2016-03-11.09:06:10
Martin O'Malley,0.01,2016-03-11.09:06:10
Jerry Brown,0.01,2016-03-11.09:06:10
Lindsey Graham,0.01,2016-03-11.09:06:10
Mike Huckabee,0.01,2016-03-11.09:06:10
Scott Walker,0.01,2016-03-11.09:06:10
Mike Pence,0.01,2016-03-11.09:06:10
Carly Fiorina,0.01,2016-03-11.09:06:10
Rick Perry,0.01,2016-03-11.09:06:10
Rick Santorum,0.01,2016-03-11.09:06:10
Ben Carson,0.01,2016-03-11.09:06:10
Paul Ryan,0.01,2016-03-11.09:06:10
Bobby Jindal,0.01,2016-03-11.09:06:10
Lincoln Chafee,0.01,2016-03-11.09:06:10
Bill de Blasio,0.01,2016-03-11.09:06:10
Jim Webb,0.01,2016-03-11.09:06:10
George Pataki,0.01,2016-03-11.09:06:10
Hillary Clinton,0.56,2016-03-12.14:11:52
Donald Trump,0.29,2016-03-12.14:11:52
Bernie Sanders,0.14,2016-03-12.14:11:52
Ted Cruz,0.10,2016-03-12.14:11:52
John Kasich,0.04,2016-03-12.14:11:52
Marco Rubio,0.01,2016-03-12.14:11:52
Joe Biden,0.02,2016-03-12.14:11:52
Mitt Romney,0.02,2016-03-12.14:11:52
Jeb Bush ,0.01,2016-03-12.14:11:52
Chris Christie ,0.01,2016-03-12.14:11:52
Michael Bloomberg,0.01,2016-03-12.14:11:52
Sarah Palin,0.01,2016-03-12.14:11:52
Elizabeth Warren,0.01,2016-03-12.14:11:52
Rand Paul,0.01,2016-03-12.14:11:52
Martin O'Malley,0.01,2016-03-12.14:11:52
Jerry Brown,0.01,2016-03-12.14:11:52
Lindsey Graham,0.01,2016-03-12.14:11:52
Mike Huckabee,0.01,2016-03-12.14:11:52
Scott Walker,0.01,2016-03-12.14:11:52
Mike Pence,0.01,2016-03-12.14:11:52
Carly Fiorina,0.01,2016-03-12.14:11:52
Rick Perry,0.01,2016-03-12.14:11:52
Rick Santorum,0.01,2016-03-12.14:11:52
Ben Carson,0.01,2016-03-12.14:11:52
Paul Ryan,0.01,2016-03-12.14:11:52
Bobby Jindal,0.01,2016-03-12.14:11:52
Lincoln Chafee,0.01,2016-03-12.14:11:52
Bill de Blasio,0.01,2016-03-12.14:11:52
Jim Webb,0.01,2016-03-12.14:11:52
George Pataki,0.01,2016-03-12.14:11:52
Hillary Clinton,0.56,2016-03-12.15:07:56
Donald Trump,0.29,2016-03-12.15:07:56
Bernie Sanders,0.14,2016-03-12.15:07:56
Ted Cruz,0.10,2016-03-12.15:07:56
John Kasich,0.04,2016-03-12.15:07:56
Marco Rubio,0.01,2016-03-12.15:07:56
Joe Biden,0.02,2016-03-12.15:07:56
Mitt Romney,0.02,2016-03-12.15:07:56
Jeb Bush ,0.01,2016-03-12.15:07:56
Chris Christie ,0.01,2016-03-12.15:07:56
Michael Bloomberg,0.01,2016-03-12.15:07:56
Sarah Palin,0.01,2016-03-12.15:07:56
Elizabeth Warren,0.01,2016-03-12.15:07:56
Rand Paul,0.01,2016-03-12.15:07:56
Martin O'Malley,0.01,2016-03-12.15:07:56
Jerry Brown,0.01,2016-03-12.15:07:56
Lindsey Graham,0.01,2016-03-12.15:07:56
Mike Huckabee,0.01,2016-03-12.15:07:56
Scott Walker,0.01,2016-03-12.15:07:56
Mike Pence,0.01,2016-03-12.15:07:56
Carly Fiorina,0.01,2016-03-12.15:07:56
Rick Perry,0.01,2016-03-12.15:07:56
Rick Santorum,0.01,2016-03-12.15:07:56
Ben Carson,0.01,2016-03-12.15:07:56
Paul Ryan,0.01,2016-03-12.15:07:56
Bobby Jindal,0.01,2016-03-12.15:07:56
Lincoln Chafee,0.01,2016-03-12.15:07:56
Bill de Blasio,0.01,2016-03-12.15:07:56
Jim Webb,0.01,2016-03-12.15:07:56
George Pataki,0.01,2016-03-12.15:07:56
Hillary Clinton,0.56,2016-03-12.17:30:04
Donald Trump,0.29,2016-03-12.17:30:04
Bernie Sanders,0.14,2016-03-12.17:30:04
Ted Cruz,0.10,2016-03-12.17:30:04
John Kasich,0.04,2016-03-12.17:30:04
Joe Biden,0.02,2016-03-12.17:30:04
Marco Rubio,0.01,2016-03-12.17:30:04
Mitt Romney,0.02,2016-03-12.17:30:04
Jeb Bush ,0.01,2016-03-12.17:30:04
Chris Christie ,0.01,2016-03-12.17:30:04
Michael Bloomberg,0.01,2016-03-12.17:30:04
Sarah Palin,0.01,2016-03-12.17:30:04
Elizabeth Warren,0.01,2016-03-12.17:30:04
Rand Paul,0.01,2016-03-12.17:30:04
Martin O'Malley,0.01,2016-03-12.17:30:04
Jerry Brown,0.01,2016-03-12.17:30:04
Lindsey Graham,0.01,2016-03-12.17:30:04
Mike Huckabee,0.01,2016-03-12.17:30:04
Scott Walker,0.01,2016-03-12.17:30:04
Mike Pence,0.01,2016-03-12.17:30:04
Carly Fiorina,0.01,2016-03-12.17:30:04
Rick Perry,0.01,2016-03-12.17:30:04
Rick Santorum,0.01,2016-03-12.17:30:04
Ben Carson,0.01,2016-03-12.17:30:04
Paul Ryan,0.01,2016-03-12.17:30:04
Bobby Jindal,0.01,2016-03-12.17:30:04
Lincoln Chafee,0.01,2016-03-12.17:30:04
Bill de Blasio,0.01,2016-03-12.17:30:04
Jim Webb,0.01,2016-03-12.17:30:04
George Pataki,0.01,2016-03-12.17:30:04
Hillary Clinton,0.56,2016-03-12.18:05:15
Donald Trump,0.29,2016-03-12.18:05:15
Bernie Sanders,0.14,2016-03-12.18:05:15
Ted Cruz,0.10,2016-03-12.18:05:15
John Kasich,0.04,2016-03-12.18:05:15
Joe Biden,0.02,2016-03-12.18:05:15
Marco Rubio,0.01,2016-03-12.18:05:15
Mitt Romney,0.02,2016-03-12.18:05:15
Jeb Bush ,0.01,2016-03-12.18:05:15
Chris Christie ,0.01,2016-03-12.18:05:15
Michael Bloomberg,0.01,2016-03-12.18:05:15
Sarah Palin,0.01,2016-03-12.18:05:15
Elizabeth Warren,0.01,2016-03-12.18:05:15
Rand Paul,0.01,2016-03-12.18:05:15
Martin O'Malley,0.01,2016-03-12.18:05:15
Jerry Brown,0.01,2016-03-12.18:05:15
Lindsey Graham,0.01,2016-03-12.18:05:15
Mike Huckabee,0.01,2016-03-12.18:05:15
Scott Walker,0.01,2016-03-12.18:05:15
Mike Pence,0.01,2016-03-12.18:05:15
Carly Fiorina,0.01,2016-03-12.18:05:15
Rick Perry,0.01,2016-03-12.18:05:15
Rick Santorum,0.01,2016-03-12.18:05:15
Ben Carson,0.01,2016-03-12.18:05:15
Paul Ryan,0.01,2016-03-12.18:05:15
Bobby Jindal,0.01,2016-03-12.18:05:15
Lincoln Chafee,0.01,2016-03-12.18:05:15
Bill de Blasio,0.01,2016-03-12.18:05:15
Jim Webb,0.01,2016-03-12.18:05:15
George Pataki,0.01,2016-03-12.18:05:15
Hillary Clinton,0.56,2016-03-12.19:17:11
Donald Trump,0.29,2016-03-12.19:17:11
Bernie Sanders,0.14,2016-03-12.19:17:11
Ted Cruz,0.10,2016-03-12.19:17:11
John Kasich,0.04,2016-03-12.19:17:11
Joe Biden,0.02,2016-03-12.19:17:11
Marco Rubio,0.01,2016-03-12.19:17:11
Mitt Romney,0.02,2016-03-12.19:17:11
Jeb Bush ,0.01,2016-03-12.19:17:11
Chris Christie ,0.01,2016-03-12.19:17:11
Michael Bloomberg,0.01,2016-03-12.19:17:11
Sarah Palin,0.01,2016-03-12.19:17:11
Elizabeth Warren,0.01,2016-03-12.19:17:11
Rand Paul,0.01,2016-03-12.19:17:11
Martin O'Malley,0.01,2016-03-12.19:17:11
Jerry Brown,0.01,2016-03-12.19:17:11
Lindsey Graham,0.01,2016-03-12.19:17:11
Mike Huckabee,0.01,2016-03-12.19:17:11
Scott Walker,0.01,2016-03-12.19:17:11
Mike Pence,0.01,2016-03-12.19:17:11
Carly Fiorina,0.01,2016-03-12.19:17:11
Rick Perry,0.01,2016-03-12.19:17:11
Rick Santorum,0.01,2016-03-12.19:17:11
Ben Carson,0.01,2016-03-12.19:17:11
Paul Ryan,0.01,2016-03-12.19:17:11
Bobby Jindal,0.01,2016-03-12.19:17:11
Lincoln Chafee,0.01,2016-03-12.19:17:11
Bill de Blasio,0.01,2016-03-12.19:17:11
Jim Webb,0.01,2016-03-12.19:17:11
George Pataki,0.01,2016-03-12.19:17:11
Hillary Clinton,0.56,2016-03-12.19:24:43
Donald Trump,0.29,2016-03-12.19:24:43
Bernie Sanders,0.14,2016-03-12.19:24:43
Ted Cruz,0.10,2016-03-12.19:24:43
John Kasich,0.04,2016-03-12.19:24:43
Joe Biden,0.02,2016-03-12.19:24:43
Marco Rubio,0.01,2016-03-12.19:24:43
Mitt Romney,0.02,2016-03-12.19:24:43
Jeb Bush ,0.01,2016-03-12.19:24:43
Chris Christie ,0.01,2016-03-12.19:24:43
Michael Bloomberg,0.01,2016-03-12.19:24:43
Sarah Palin,0.01,2016-03-12.19:24:43
Elizabeth Warren,0.01,2016-03-12.19:24:43
Rand Paul,0.01,2016-03-12.19:24:43
Martin O'Malley,0.01,2016-03-12.19:24:43
Jerry Brown,0.01,2016-03-12.19:24:43
Lindsey Graham,0.01,2016-03-12.19:24:43
Mike Huckabee,0.01,2016-03-12.19:24:43
Scott Walker,0.01,2016-03-12.19:24:43
Mike Pence,0.01,2016-03-12.19:24:43
Carly Fiorina,0.01,2016-03-12.19:24:43
Rick Perry,0.01,2016-03-12.19:24:43
Rick Santorum,0.01,2016-03-12.19:24:43
Ben Carson,0.01,2016-03-12.19:24:43
Paul Ryan,0.01,2016-03-12.19:24:43
Bobby Jindal,0.01,2016-03-12.19:24:43
Lincoln Chafee,0.01,2016-03-12.19:24:43
Bill de Blasio,0.01,2016-03-12.19:24:43
Jim Webb,0.01,2016-03-12.19:24:43
George Pataki,0.01,2016-03-12.19:24:43
Hillary Clinton,0.56,2016-03-12.21:15:57
Donald Trump,0.29,2016-03-12.21:15:57
Bernie Sanders,0.14,2016-03-12.21:15:57
Ted Cruz,0.10,2016-03-12.21:15:57
John Kasich,0.04,2016-03-12.21:15:57
Joe Biden,0.02,2016-03-12.21:15:57
Mitt Romney,0.02,2016-03-12.21:15:57
Marco Rubio,0.01,2016-03-12.21:15:57
Jeb Bush ,0.01,2016-03-12.21:15:57
Chris Christie ,0.01,2016-03-12.21:15:57
Michael Bloomberg,0.01,2016-03-12.21:15:57
Sarah Palin,0.01,2016-03-12.21:15:57
Elizabeth Warren,0.01,2016-03-12.21:15:57
Rand Paul,0.01,2016-03-12.21:15:57
Martin O'Malley,0.01,2016-03-12.21:15:57
Jerry Brown,0.01,2016-03-12.21:15:57
Lindsey Graham,0.01,2016-03-12.21:15:57
Mike Huckabee,0.01,2016-03-12.21:15:57
Scott Walker,0.01,2016-03-12.21:15:57
Mike Pence,0.01,2016-03-12.21:15:57
Carly Fiorina,0.01,2016-03-12.21:15:57
Rick Perry,0.01,2016-03-12.21:15:57
Rick Santorum,0.01,2016-03-12.21:15:57
Ben Carson,0.01,2016-03-12.21:15:57
Paul Ryan,0.01,2016-03-12.21:15:57
Bobby Jindal,0.01,2016-03-12.21:15:57
Lincoln Chafee,0.01,2016-03-12.21:15:57
Bill de Blasio,0.01,2016-03-12.21:15:57
Jim Webb,0.01,2016-03-12.21:15:57
George Pataki,0.01,2016-03-12.21:15:57
Hillary Clinton,0.56,2016-03-12.23:06:02
Donald Trump,0.29,2016-03-12.23:06:02
Bernie Sanders,0.17,2016-03-12.23:06:02
Ted Cruz,0.08,2016-03-12.23:06:02
John Kasich,0.06,2016-03-12.23:06:02
Marco Rubio,0.02,2016-03-12.23:06:02
Joe Biden,0.02,2016-03-12.23:06:02
Mitt Romney,0.02,2016-03-12.23:06:02
Jeb Bush ,0.01,2016-03-12.23:06:02
Chris Christie ,0.01,2016-03-12.23:06:02
Michael Bloomberg,0.01,2016-03-12.23:06:02
Sarah Palin,0.01,2016-03-12.23:06:02
Elizabeth Warren,0.01,2016-03-12.23:06:02
Rand Paul,0.01,2016-03-12.23:06:02
Martin O'Malley,0.01,2016-03-12.23:06:02
Jerry Brown,0.01,2016-03-12.23:06:02
Lindsey Graham,0.01,2016-03-12.23:06:02
Mike Huckabee,0.01,2016-03-12.23:06:02
Scott Walker,0.01,2016-03-12.23:06:02
Mike Pence,0.01,2016-03-12.23:06:02
Carly Fiorina,0.01,2016-03-12.23:06:02
Rick Perry,0.01,2016-03-12.23:06:02
Rick Santorum,0.01,2016-03-12.23:06:02
Ben Carson,0.01,2016-03-12.23:06:02
Paul Ryan,0.01,2016-03-12.23:06:02
Bobby Jindal,0.01,2016-03-12.23:06:02
Lincoln Chafee,0.01,2016-03-12.23:06:02
Bill de Blasio,0.01,2016-03-12.23:06:02
Jim Webb,0.01,2016-03-12.23:06:02
George Pataki,0.01,2016-03-12.23:06:02
Hillary Clinton,0.56,2016-03-13.00:06:26
Donald Trump,0.29,2016-03-13.00:06:26
Bernie Sanders,0.17,2016-03-13.00:06:26
Ted Cruz,0.08,2016-03-13.00:06:26
John Kasich,0.06,2016-03-13.00:06:26
Mitt Romney,0.02,2016-03-13.00:06:26
Joe Biden,0.02,2016-03-13.00:06:26
Marco Rubio,0.02,2016-03-13.00:06:26
Jeb Bush ,0.01,2016-03-13.00:06:26
Chris Christie ,0.01,2016-03-13.00:06:26
Michael Bloomberg,0.01,2016-03-13.00:06:26
Sarah Palin,0.01,2016-03-13.00:06:26
Elizabeth Warren,0.01,2016-03-13.00:06:26
Rand Paul,0.01,2016-03-13.00:06:26
Martin O'Malley,0.01,2016-03-13.00:06:26
Jerry Brown,0.01,2016-03-13.00:06:26
Lindsey Graham,0.01,2016-03-13.00:06:26
Mike Huckabee,0.01,2016-03-13.00:06:26
Scott Walker,0.01,2016-03-13.00:06:26
Mike Pence,0.01,2016-03-13.00:06:26
Carly Fiorina,0.01,2016-03-13.00:06:26
Rick Perry,0.01,2016-03-13.00:06:26
Rick Santorum,0.01,2016-03-13.00:06:26
Ben Carson,0.01,2016-03-13.00:06:26
Paul Ryan,0.01,2016-03-13.00:06:26
Bobby Jindal,0.01,2016-03-13.00:06:26
Lincoln Chafee,0.01,2016-03-13.00:06:26
Bill de Blasio,0.01,2016-03-13.00:06:26
Jim Webb,0.01,2016-03-13.00:06:26
George Pataki,0.01,2016-03-13.00:06:26
Hillary Clinton,0.56,2016-03-13.03:36:02
Donald Trump,0.29,2016-03-13.03:36:02
Bernie Sanders,0.17,2016-03-13.03:36:02
Ted Cruz,0.08,2016-03-13.03:36:02
John Kasich,0.06,2016-03-13.03:36:02
Marco Rubio,0.02,2016-03-13.03:36:02
Mitt Romney,0.02,2016-03-13.03:36:02
Joe Biden,0.02,2016-03-13.03:36:02
Jeb Bush ,0.01,2016-03-13.03:36:02
Chris Christie ,0.01,2016-03-13.03:36:02
Michael Bloomberg,0.01,2016-03-13.03:36:02
Sarah Palin,0.01,2016-03-13.03:36:02
Elizabeth Warren,0.01,2016-03-13.03:36:02
Rand Paul,0.01,2016-03-13.03:36:02
Martin O'Malley,0.01,2016-03-13.03:36:02
Jerry Brown,0.01,2016-03-13.03:36:02
Lindsey Graham,0.01,2016-03-13.03:36:02
Mike Huckabee,0.01,2016-03-13.03:36:02
Scott Walker,0.01,2016-03-13.03:36:02
Mike Pence,0.01,2016-03-13.03:36:02
Carly Fiorina,0.01,2016-03-13.03:36:02
Rick Perry,0.01,2016-03-13.03:36:02
Rick Santorum,0.01,2016-03-13.03:36:02
Ben Carson,0.01,2016-03-13.03:36:02
Paul Ryan,0.01,2016-03-13.03:36:02
Bobby Jindal,0.01,2016-03-13.03:36:02
Lincoln Chafee,0.01,2016-03-13.03:36:02
Bill de Blasio,0.01,2016-03-13.03:36:02
Jim Webb,0.01,2016-03-13.03:36:02
George Pataki,0.01,2016-03-13.03:36:02
Hillary Clinton,0.56,2016-03-13.11:15:50
Donald Trump,0.29,2016-03-13.11:15:50
Bernie Sanders,0.17,2016-03-13.11:15:50
Ted Cruz,0.08,2016-03-13.11:15:50
John Kasich,0.06,2016-03-13.11:15:50
Joe Biden,0.02,2016-03-13.11:15:50
Mitt Romney,0.02,2016-03-13.11:15:50
Marco Rubio,0.02,2016-03-13.11:15:50
Elizabeth Warren,0.01,2016-03-13.11:15:50
Paul Ryan,0.01,2016-03-13.11:15:50
Jeb Bush ,0.01,2016-03-13.11:15:50
Chris Christie ,0.01,2016-03-13.11:15:50
Michael Bloomberg,0.01,2016-03-13.11:15:50
Sarah Palin,0.01,2016-03-13.11:15:50
Rand Paul,0.01,2016-03-13.11:15:50
Martin O'Malley,0.01,2016-03-13.11:15:50
Jerry Brown,0.01,2016-03-13.11:15:50
Lindsey Graham,0.01,2016-03-13.11:15:50
Mike Huckabee,0.01,2016-03-13.11:15:50
Scott Walker,0.01,2016-03-13.11:15:50
Mike Pence,0.01,2016-03-13.11:15:50
Carly Fiorina,0.01,2016-03-13.11:15:50
Rick Perry,0.01,2016-03-13.11:15:50
Rick Santorum,0.01,2016-03-13.11:15:50
Ben Carson,0.01,2016-03-13.11:15:50
Bobby Jindal,0.01,2016-03-13.11:15:50
Lincoln Chafee,0.01,2016-03-13.11:15:50
Bill de Blasio,0.01,2016-03-13.11:15:50
Jim Webb,0.01,2016-03-13.11:15:50
George Pataki,0.01,2016-03-13.11:15:50
Hillary Clinton,0.56,2016-03-13.12:44:38
Donald Trump,0.29,2016-03-13.12:44:38
Bernie Sanders,0.17,2016-03-13.12:44:38
Ted Cruz,0.08,2016-03-13.12:44:38
John Kasich,0.06,2016-03-13.12:44:38
Joe Biden,0.02,2016-03-13.12:44:38
Marco Rubio,0.02,2016-03-13.12:44:38
Mitt Romney,0.02,2016-03-13.12:44:38
Jeb Bush ,0.01,2016-03-13.12:44:38
Chris Christie ,0.01,2016-03-13.12:44:38
Michael Bloomberg,0.01,2016-03-13.12:44:38
Sarah Palin,0.01,2016-03-13.12:44:38
Elizabeth Warren,0.01,2016-03-13.12:44:38
Rand Paul,0.01,2016-03-13.12:44:38
Martin O'Malley,0.01,2016-03-13.12:44:38
Jerry Brown,0.01,2016-03-13.12:44:38
Lindsey Graham,0.01,2016-03-13.12:44:38
Mike Huckabee,0.01,2016-03-13.12:44:38
Scott Walker,0.01,2016-03-13.12:44:38
Mike Pence,0.01,2016-03-13.12:44:38
Carly Fiorina,0.01,2016-03-13.12:44:38
Rick Perry,0.01,2016-03-13.12:44:38
Rick Santorum,0.01,2016-03-13.12:44:38
Ben Carson,0.01,2016-03-13.12:44:38
Paul Ryan,0.01,2016-03-13.12:44:38
Bobby Jindal,0.01,2016-03-13.12:44:38
Lincoln Chafee,0.01,2016-03-13.12:44:38
Bill de Blasio,0.01,2016-03-13.12:44:38
Jim Webb,0.01,2016-03-13.12:44:38
George Pataki,0.01,2016-03-13.12:44:38
Hillary Clinton,0.56,2016-03-13.13:55:58
Donald Trump,0.29,2016-03-13.13:55:58
Bernie Sanders,0.17,2016-03-13.13:55:58
Ted Cruz,0.08,2016-03-13.13:55:58
John Kasich,0.06,2016-03-13.13:55:58
Marco Rubio,0.02,2016-03-13.13:55:58
Joe Biden,0.02,2016-03-13.13:55:58
Mitt Romney,0.02,2016-03-13.13:55:58
Jeb Bush ,0.01,2016-03-13.13:55:58
Chris Christie ,0.01,2016-03-13.13:55:58
Michael Bloomberg,0.01,2016-03-13.13:55:58
Sarah Palin,0.01,2016-03-13.13:55:58
Elizabeth Warren,0.01,2016-03-13.13:55:58
Rand Paul,0.01,2016-03-13.13:55:58
Martin O'Malley,0.01,2016-03-13.13:55:58
Jerry Brown,0.01,2016-03-13.13:55:58
Lindsey Graham,0.01,2016-03-13.13:55:58
Mike Huckabee,0.01,2016-03-13.13:55:58
Scott Walker,0.01,2016-03-13.13:55:58
Mike Pence,0.01,2016-03-13.13:55:58
Carly Fiorina,0.01,2016-03-13.13:55:58
Rick Perry,0.01,2016-03-13.13:55:58
Rick Santorum,0.01,2016-03-13.13:55:58
Ben Carson,0.01,2016-03-13.13:55:58
Paul Ryan,0.01,2016-03-13.13:55:58
Bobby Jindal,0.01,2016-03-13.13:55:58
Lincoln Chafee,0.01,2016-03-13.13:55:58
Bill de Blasio,0.01,2016-03-13.13:55:58
Jim Webb,0.01,2016-03-13.13:55:58
George Pataki,0.01,2016-03-13.13:55:58
Hillary Clinton,0.56,2016-03-13.14:05:53
Donald Trump,0.29,2016-03-13.14:05:53
Bernie Sanders,0.17,2016-03-13.14:05:53
Ted Cruz,0.08,2016-03-13.14:05:53
John Kasich,0.06,2016-03-13.14:05:53
Marco Rubio,0.02,2016-03-13.14:05:53
Joe Biden,0.02,2016-03-13.14:05:53
Mitt Romney,0.02,2016-03-13.14:05:53
Jeb Bush ,0.01,2016-03-13.14:05:53
Chris Christie ,0.01,2016-03-13.14:05:53
Michael Bloomberg,0.01,2016-03-13.14:05:53
Sarah Palin,0.01,2016-03-13.14:05:53
Elizabeth Warren,0.01,2016-03-13.14:05:53
Rand Paul,0.01,2016-03-13.14:05:53
Martin O'Malley,0.01,2016-03-13.14:05:53
Jerry Brown,0.01,2016-03-13.14:05:53
Lindsey Graham,0.01,2016-03-13.14:05:53
Mike Huckabee,0.01,2016-03-13.14:05:53
Scott Walker,0.01,2016-03-13.14:05:53
Mike Pence,0.01,2016-03-13.14:05:53
Carly Fiorina,0.01,2016-03-13.14:05:53
Rick Perry,0.01,2016-03-13.14:05:53
Rick Santorum,0.01,2016-03-13.14:05:53
Ben Carson,0.01,2016-03-13.14:05:53
Paul Ryan,0.01,2016-03-13.14:05:53
Bobby Jindal,0.01,2016-03-13.14:05:53
Lincoln Chafee,0.01,2016-03-13.14:05:53
Bill de Blasio,0.01,2016-03-13.14:05:53
Jim Webb,0.01,2016-03-13.14:05:53
George Pataki,0.01,2016-03-13.14:05:53
Hillary Clinton,0.56,2016-03-13.15:18:41
Donald Trump,0.29,2016-03-13.15:18:41
Bernie Sanders,0.17,2016-03-13.15:18:41
Ted Cruz,0.08,2016-03-13.15:18:41
John Kasich,0.06,2016-03-13.15:18:41
Marco Rubio,0.02,2016-03-13.15:18:41
Joe Biden,0.02,2016-03-13.15:18:41
Mitt Romney,0.02,2016-03-13.15:18:41
Paul Ryan,0.01,2016-03-13.15:18:41
Jeb Bush ,0.01,2016-03-13.15:18:41
Chris Christie ,0.01,2016-03-13.15:18:41
Michael Bloomberg,0.01,2016-03-13.15:18:41
Sarah Palin,0.01,2016-03-13.15:18:41
Elizabeth Warren,0.01,2016-03-13.15:18:41
Rand Paul,0.01,2016-03-13.15:18:41
Martin O'Malley,0.01,2016-03-13.15:18:41
Jerry Brown,0.01,2016-03-13.15:18:41
Lindsey Graham,0.01,2016-03-13.15:18:41
Mike Huckabee,0.01,2016-03-13.15:18:41
Scott Walker,0.01,2016-03-13.15:18:41
Mike Pence,0.01,2016-03-13.15:18:41
Carly Fiorina,0.01,2016-03-13.15:18:41
Rick Perry,0.01,2016-03-13.15:18:41
Rick Santorum,0.01,2016-03-13.15:18:41
Ben Carson,0.01,2016-03-13.15:18:41
Bobby Jindal,0.01,2016-03-13.15:18:41
Lincoln Chafee,0.01,2016-03-13.15:18:41
Bill de Blasio,0.01,2016-03-13.15:18:41
Jim Webb,0.01,2016-03-13.15:18:41
George Pataki,0.01,2016-03-13.15:18:41
Hillary Clinton,0.56,2016-03-13.16:10:54
Donald Trump,0.29,2016-03-13.16:10:54
Bernie Sanders,0.17,2016-03-13.16:10:54
Ted Cruz,0.08,2016-03-13.16:10:54
John Kasich,0.06,2016-03-13.16:10:54
Joe Biden,0.02,2016-03-13.16:10:54
Mitt Romney,0.02,2016-03-13.16:10:54
Marco Rubio,0.02,2016-03-13.16:10:54
Jeb Bush ,0.01,2016-03-13.16:10:54
Chris Christie ,0.01,2016-03-13.16:10:54
Michael Bloomberg,0.01,2016-03-13.16:10:54
Sarah Palin,0.01,2016-03-13.16:10:54
Elizabeth Warren,0.01,2016-03-13.16:10:54
Rand Paul,0.01,2016-03-13.16:10:54
Martin O'Malley,0.01,2016-03-13.16:10:54
Jerry Brown,0.01,2016-03-13.16:10:54
Lindsey Graham,0.01,2016-03-13.16:10:54
Mike Huckabee,0.01,2016-03-13.16:10:54
Scott Walker,0.01,2016-03-13.16:10:54
Mike Pence,0.01,2016-03-13.16:10:54
Carly Fiorina,0.01,2016-03-13.16:10:54
Rick Perry,0.01,2016-03-13.16:10:54
Rick Santorum,0.01,2016-03-13.16:10:54
Ben Carson,0.01,2016-03-13.16:10:54
Paul Ryan,0.01,2016-03-13.16:10:54
Bobby Jindal,0.01,2016-03-13.16:10:54
Lincoln Chafee,0.01,2016-03-13.16:10:54
Bill de Blasio,0.01,2016-03-13.16:10:54
Jim Webb,0.01,2016-03-13.16:10:54
George Pataki,0.01,2016-03-13.16:10:54
Hillary Clinton,0.56,2016-03-13.17:21:35
Donald Trump,0.29,2016-03-13.17:21:35
Bernie Sanders,0.17,2016-03-13.17:21:35
Ted Cruz,0.08,2016-03-13.17:21:35
John Kasich,0.06,2016-03-13.17:21:35
Joe Biden,0.02,2016-03-13.17:21:35
Mitt Romney,0.02,2016-03-13.17:21:35
Marco Rubio,0.02,2016-03-13.17:21:35
Jeb Bush ,0.01,2016-03-13.17:21:35
Chris Christie ,0.01,2016-03-13.17:21:35
Michael Bloomberg,0.01,2016-03-13.17:21:35
Sarah Palin,0.01,2016-03-13.17:21:35
Elizabeth Warren,0.01,2016-03-13.17:21:35
Rand Paul,0.01,2016-03-13.17:21:35
Martin O'Malley,0.01,2016-03-13.17:21:35
Jerry Brown,0.01,2016-03-13.17:21:35
Lindsey Graham,0.01,2016-03-13.17:21:35
Mike Huckabee,0.01,2016-03-13.17:21:35
Scott Walker,0.01,2016-03-13.17:21:35
Mike Pence,0.01,2016-03-13.17:21:35
Carly Fiorina,0.01,2016-03-13.17:21:35
Rick Perry,0.01,2016-03-13.17:21:35
Rick Santorum,0.01,2016-03-13.17:21:35
Ben Carson,0.01,2016-03-13.17:21:35
Paul Ryan,0.01,2016-03-13.17:21:35
Bobby Jindal,0.01,2016-03-13.17:21:35
Lincoln Chafee,0.01,2016-03-13.17:21:35
Bill de Blasio,0.01,2016-03-13.17:21:35
Jim Webb,0.01,2016-03-13.17:21:35
George Pataki,0.01,2016-03-13.17:21:35
Hillary Clinton,0.56,2016-03-13.18:17:19
Donald Trump,0.29,2016-03-13.18:17:19
Bernie Sanders,0.17,2016-03-13.18:17:19
Ted Cruz,0.08,2016-03-13.18:17:19
John Kasich,0.06,2016-03-13.18:17:19
Joe Biden,0.02,2016-03-13.18:17:19
Mitt Romney,0.02,2016-03-13.18:17:19
Marco Rubio,0.02,2016-03-13.18:17:19
Jeb Bush ,0.01,2016-03-13.18:17:19
Chris Christie ,0.01,2016-03-13.18:17:19
Michael Bloomberg,0.01,2016-03-13.18:17:19
Sarah Palin,0.01,2016-03-13.18:17:19
Elizabeth Warren,0.01,2016-03-13.18:17:19
Rand Paul,0.01,2016-03-13.18:17:19
Martin O'Malley,0.01,2016-03-13.18:17:19
Jerry Brown,0.01,2016-03-13.18:17:19
Lindsey Graham,0.01,2016-03-13.18:17:19
Mike Huckabee,0.01,2016-03-13.18:17:19
Scott Walker,0.01,2016-03-13.18:17:19
Mike Pence,0.01,2016-03-13.18:17:19
Carly Fiorina,0.01,2016-03-13.18:17:19
Rick Perry,0.01,2016-03-13.18:17:19
Rick Santorum,0.01,2016-03-13.18:17:19
Ben Carson,0.01,2016-03-13.18:17:19
Paul Ryan,0.01,2016-03-13.18:17:19
Bobby Jindal,0.01,2016-03-13.18:17:19
Lincoln Chafee,0.01,2016-03-13.18:17:19
Bill de Blasio,0.01,2016-03-13.18:17:19
Jim Webb,0.01,2016-03-13.18:17:19
George Pataki,0.01,2016-03-13.18:17:19
Hillary Clinton,0.56,2016-03-13.19:51:26
Donald Trump,0.29,2016-03-13.19:51:26
Bernie Sanders,0.17,2016-03-13.19:51:26
Ted Cruz,0.08,2016-03-13.19:51:26
John Kasich,0.06,2016-03-13.19:51:26
Marco Rubio,0.02,2016-03-13.19:51:26
Joe Biden,0.02,2016-03-13.19:51:26
Mitt Romney,0.02,2016-03-13.19:51:26
Jeb Bush ,0.01,2016-03-13.19:51:26
Chris Christie ,0.01,2016-03-13.19:51:26
Michael Bloomberg,0.01,2016-03-13.19:51:26
Sarah Palin,0.01,2016-03-13.19:51:26
Elizabeth Warren,0.01,2016-03-13.19:51:26
Rand Paul,0.01,2016-03-13.19:51:26
Martin O'Malley,0.01,2016-03-13.19:51:26
Jerry Brown,0.01,2016-03-13.19:51:26
Lindsey Graham,0.01,2016-03-13.19:51:26
Mike Huckabee,0.01,2016-03-13.19:51:26
Scott Walker,0.01,2016-03-13.19:51:26
Mike Pence,0.01,2016-03-13.19:51:26
Carly Fiorina,0.01,2016-03-13.19:51:26
Rick Perry,0.01,2016-03-13.19:51:26
Rick Santorum,0.01,2016-03-13.19:51:26
Ben Carson,0.01,2016-03-13.19:51:26
Paul Ryan,0.01,2016-03-13.19:51:26
Bobby Jindal,0.01,2016-03-13.19:51:26
Lincoln Chafee,0.01,2016-03-13.19:51:26
Bill de Blasio,0.01,2016-03-13.19:51:26
Jim Webb,0.01,2016-03-13.19:51:26
George Pataki,0.01,2016-03-13.19:51:26
Hillary Clinton,0.56,2016-03-13.23:14:31
Donald Trump,0.29,2016-03-13.23:14:31
Bernie Sanders,0.17,2016-03-13.23:14:31
Ted Cruz,0.08,2016-03-13.23:14:31
John Kasich,0.04,2016-03-13.23:14:31
Joe Biden,0.02,2016-03-13.23:14:31
Mitt Romney,0.02,2016-03-13.23:14:31
Marco Rubio,0.01,2016-03-13.23:14:31
Jeb Bush ,0.01,2016-03-13.23:14:31
Chris Christie ,0.01,2016-03-13.23:14:31
Michael Bloomberg,0.01,2016-03-13.23:14:31
Sarah Palin,0.01,2016-03-13.23:14:31
Elizabeth Warren,0.01,2016-03-13.23:14:31
Rand Paul,0.01,2016-03-13.23:14:31
Martin O'Malley,0.01,2016-03-13.23:14:31
Jerry Brown,0.01,2016-03-13.23:14:31
Lindsey Graham,0.01,2016-03-13.23:14:31
Mike Huckabee,0.01,2016-03-13.23:14:31
Scott Walker,0.01,2016-03-13.23:14:31
Mike Pence,0.01,2016-03-13.23:14:31
Carly Fiorina,0.01,2016-03-13.23:14:31
Rick Perry,0.01,2016-03-13.23:14:31
Rick Santorum,0.01,2016-03-13.23:14:31
Ben Carson,0.01,2016-03-13.23:14:31
Paul Ryan,0.01,2016-03-13.23:14:31
Bobby Jindal,0.01,2016-03-13.23:14:31
Lincoln Chafee,0.01,2016-03-13.23:14:31
Bill de Blasio,0.01,2016-03-13.23:14:31
Jim Webb,0.01,2016-03-13.23:14:31
George Pataki,0.01,2016-03-13.23:14:31
Hillary Clinton,0.56,2016-03-14.00:01:49
Donald Trump,0.29,2016-03-14.00:01:49
Bernie Sanders,0.17,2016-03-14.00:01:49
Ted Cruz,0.08,2016-03-14.00:01:49
John Kasich,0.04,2016-03-14.00:01:49
Marco Rubio,0.01,2016-03-14.00:01:49
Joe Biden,0.02,2016-03-14.00:01:49
Mitt Romney,0.02,2016-03-14.00:01:49
Jeb Bush ,0.01,2016-03-14.00:01:49
Chris Christie ,0.01,2016-03-14.00:01:49
Michael Bloomberg,0.01,2016-03-14.00:01:49
Sarah Palin,0.01,2016-03-14.00:01:49
Elizabeth Warren,0.01,2016-03-14.00:01:49
Rand Paul,0.01,2016-03-14.00:01:49
Martin O'Malley,0.01,2016-03-14.00:01:49
Jerry Brown,0.01,2016-03-14.00:01:49
Lindsey Graham,0.01,2016-03-14.00:01:49
Mike Huckabee,0.01,2016-03-14.00:01:49
Scott Walker,0.01,2016-03-14.00:01:49
Mike Pence,0.01,2016-03-14.00:01:49
Carly Fiorina,0.01,2016-03-14.00:01:49
Rick Perry,0.01,2016-03-14.00:01:49
Rick Santorum,0.01,2016-03-14.00:01:49
Ben Carson,0.01,2016-03-14.00:01:49
Paul Ryan,0.01,2016-03-14.00:01:49
Bobby Jindal,0.01,2016-03-14.00:01:49
Lincoln Chafee,0.01,2016-03-14.00:01:49
Bill de Blasio,0.01,2016-03-14.00:01:49
Jim Webb,0.01,2016-03-14.00:01:49
George Pataki,0.01,2016-03-14.00:01:49
Hillary Clinton,0.56,2016-03-14.09:10:07
Donald Trump,0.29,2016-03-14.09:10:07
Bernie Sanders,0.17,2016-03-14.09:10:07
Ted Cruz,0.08,2016-03-14.09:10:07
John Kasich,0.04,2016-03-14.09:10:07
Joe Biden,0.02,2016-03-14.09:10:07
Mitt Romney,0.02,2016-03-14.09:10:07
Marco Rubio,0.01,2016-03-14.09:10:07
Jeb Bush ,0.01,2016-03-14.09:10:07
Chris Christie ,0.01,2016-03-14.09:10:07
Michael Bloomberg,0.01,2016-03-14.09:10:07
Sarah Palin,0.01,2016-03-14.09:10:07
Elizabeth Warren,0.01,2016-03-14.09:10:07
Rand Paul,0.01,2016-03-14.09:10:07
Martin O'Malley,0.01,2016-03-14.09:10:07
Jerry Brown,0.01,2016-03-14.09:10:07
Lindsey Graham,0.01,2016-03-14.09:10:07
Mike Huckabee,0.01,2016-03-14.09:10:07
Scott Walker,0.01,2016-03-14.09:10:07
Mike Pence,0.01,2016-03-14.09:10:07
Carly Fiorina,0.01,2016-03-14.09:10:07
Rick Perry,0.01,2016-03-14.09:10:07
Rick Santorum,0.01,2016-03-14.09:10:07
Ben Carson,0.01,2016-03-14.09:10:07
Paul Ryan,0.01,2016-03-14.09:10:07
Bobby Jindal,0.01,2016-03-14.09:10:07
Lincoln Chafee,0.01,2016-03-14.09:10:07
Bill de Blasio,0.01,2016-03-14.09:10:07
Jim Webb,0.01,2016-03-14.09:10:07
George Pataki,0.01,2016-03-14.09:10:07
Hillary Clinton,0.56,2016-03-14.14:29:31
Donald Trump,0.29,2016-03-14.14:29:31
Bernie Sanders,0.17,2016-03-14.14:29:31
Ted Cruz,0.08,2016-03-14.14:29:31
John Kasich,0.04,2016-03-14.14:29:31
Joe Biden,0.02,2016-03-14.14:29:31
Mitt Romney,0.02,2016-03-14.14:29:31
Paul Ryan,0.01,2016-03-14.14:29:31
Marco Rubio,0.01,2016-03-14.14:29:31
Jeb Bush ,0.01,2016-03-14.14:29:31
Chris Christie ,0.01,2016-03-14.14:29:31
Michael Bloomberg,0.01,2016-03-14.14:29:31
Sarah Palin,0.01,2016-03-14.14:29:31
Elizabeth Warren,0.01,2016-03-14.14:29:31
Rand Paul,0.01,2016-03-14.14:29:31
Martin O'Malley,0.01,2016-03-14.14:29:31
Jerry Brown,0.01,2016-03-14.14:29:31
Lindsey Graham,0.01,2016-03-14.14:29:31
Mike Huckabee,0.01,2016-03-14.14:29:31
Scott Walker,0.01,2016-03-14.14:29:31
Mike Pence,0.01,2016-03-14.14:29:31
Carly Fiorina,0.01,2016-03-14.14:29:31
Rick Perry,0.01,2016-03-14.14:29:31
Rick Santorum,0.01,2016-03-14.14:29:31
Ben Carson,0.01,2016-03-14.14:29:31
Bobby Jindal,0.01,2016-03-14.14:29:31
Lincoln Chafee,0.01,2016-03-14.14:29:31
Bill de Blasio,0.01,2016-03-14.14:29:31
Jim Webb,0.01,2016-03-14.14:29:31
George Pataki,0.01,2016-03-14.14:29:31
Hillary Clinton,0.56,2016-03-15.00:22:33
Donald Trump,0.27,2016-03-15.00:22:33
Bernie Sanders,0.17,2016-03-15.00:22:33
Ted Cruz,0.08,2016-03-15.00:22:33
John Kasich,0.06,2016-03-15.00:22:33
Marco Rubio,0.02,2016-03-15.00:22:33
Joe Biden,0.02,2016-03-15.00:22:33
Mitt Romney,0.03,2016-03-15.00:22:33
Paul Ryan,0.01,2016-03-15.00:22:33
Jeb Bush ,0.01,2016-03-15.00:22:33
Chris Christie ,0.01,2016-03-15.00:22:33
Michael Bloomberg,0.01,2016-03-15.00:22:33
Sarah Palin,0.01,2016-03-15.00:22:33
Elizabeth Warren,0.01,2016-03-15.00:22:33
Rand Paul,0.01,2016-03-15.00:22:33
Martin O'Malley,0.01,2016-03-15.00:22:33
Jerry Brown,0.01,2016-03-15.00:22:33
Lindsey Graham,0.01,2016-03-15.00:22:33
Mike Huckabee,0.01,2016-03-15.00:22:33
Scott Walker,0.01,2016-03-15.00:22:33
Mike Pence,0.01,2016-03-15.00:22:33
Carly Fiorina,0.01,2016-03-15.00:22:33
Rick Perry,0.01,2016-03-15.00:22:33
Rick Santorum,0.01,2016-03-15.00:22:33
Ben Carson,0.01,2016-03-15.00:22:33
Bobby Jindal,0.01,2016-03-15.00:22:33
Lincoln Chafee,0.01,2016-03-15.00:22:33
Bill de Blasio,0.01,2016-03-15.00:22:33
Jim Webb,0.01,2016-03-15.00:22:33
George Pataki,0.01,2016-03-15.00:22:33
Hillary Clinton,0.56,2016-03-15.16:48:37
Donald Trump,0.27,2016-03-15.16:48:37
Bernie Sanders,0.17,2016-03-15.16:48:37
Ted Cruz,0.08,2016-03-15.16:48:37
John Kasich,0.06,2016-03-15.16:48:37
Marco Rubio,0.02,2016-03-15.16:48:37
Joe Biden,0.02,2016-03-15.16:48:37
Mitt Romney,0.03,2016-03-15.16:48:37
Paul Ryan,0.01,2016-03-15.16:48:37
Jeb Bush ,0.01,2016-03-15.16:48:37
Chris Christie ,0.01,2016-03-15.16:48:37
Michael Bloomberg,0.01,2016-03-15.16:48:37
Sarah Palin,0.01,2016-03-15.16:48:37
Elizabeth Warren,0.01,2016-03-15.16:48:37
Rand Paul,0.01,2016-03-15.16:48:37
Martin O'Malley,0.01,2016-03-15.16:48:37
Jerry Brown,0.01,2016-03-15.16:48:37
Lindsey Graham,0.01,2016-03-15.16:48:37
Mike Huckabee,0.01,2016-03-15.16:48:37
Scott Walker,0.01,2016-03-15.16:48:37
Mike Pence,0.01,2016-03-15.16:48:37
Carly Fiorina,0.01,2016-03-15.16:48:37
Rick Perry,0.01,2016-03-15.16:48:37
Rick Santorum,0.01,2016-03-15.16:48:37
Ben Carson,0.01,2016-03-15.16:48:37
Bobby Jindal,0.01,2016-03-15.16:48:37
Lincoln Chafee,0.01,2016-03-15.16:48:37
Bill de Blasio,0.01,2016-03-15.16:48:37
Jim Webb,0.01,2016-03-15.16:48:37
George Pataki,0.01,2016-03-15.16:48:37
Hillary Clinton,0.58,2016-03-16.00:23:34
Donald Trump,0.30,2016-03-16.00:23:34
Bernie Sanders,0.07,2016-03-16.00:23:34
Ted Cruz,0.07,2016-03-16.00:23:34
John Kasich,0.06,2016-03-16.00:23:34
Joe Biden,0.02,2016-03-16.00:23:34
Mitt Romney,0.02,2016-03-16.00:23:34
Paul Ryan,0.02,2016-03-16.00:23:34
Marco Rubio,0.01,2016-03-16.00:23:34
Jeb Bush ,0.01,2016-03-16.00:23:34
Chris Christie ,0.01,2016-03-16.00:23:34
Michael Bloomberg,0.01,2016-03-16.00:23:34
Sarah Palin,0.01,2016-03-16.00:23:34
Elizabeth Warren,0.01,2016-03-16.00:23:34
Rand Paul,0.01,2016-03-16.00:23:34
Martin O'Malley,0.01,2016-03-16.00:23:34
Jerry Brown,0.01,2016-03-16.00:23:34
Lindsey Graham,0.01,2016-03-16.00:23:34
Mike Huckabee,0.01,2016-03-16.00:23:34
Scott Walker,0.01,2016-03-16.00:23:34
Mike Pence,0.01,2016-03-16.00:23:34
Carly Fiorina,0.01,2016-03-16.00:23:34
Rick Perry,0.01,2016-03-16.00:23:34
Rick Santorum,0.01,2016-03-16.00:23:34
Ben Carson,0.01,2016-03-16.00:23:34
Bobby Jindal,0.01,2016-03-16.00:23:34
Lincoln Chafee,0.01,2016-03-16.00:23:34
Bill de Blasio,0.01,2016-03-16.00:23:34
Jim Webb,0.01,2016-03-16.00:23:34
George Pataki,0.01,2016-03-16.00:23:34
Hillary Clinton,0.62,2016-03-17.01:32:32
Donald Trump,0.30,2016-03-17.01:32:32
Bernie Sanders,0.07,2016-03-17.01:32:32
Ted Cruz,0.06,2016-03-17.01:32:32
John Kasich,0.04,2016-03-17.01:32:32
Paul Ryan,0.02,2016-03-17.01:32:32
Joe Biden,0.02,2016-03-17.01:32:32
Mitt Romney,0.02,2016-03-17.01:32:32
Marco Rubio,0.01,2016-03-17.01:32:32
Jeb Bush ,0.01,2016-03-17.01:32:32
Chris Christie ,0.01,2016-03-17.01:32:32
Michael Bloomberg,0.01,2016-03-17.01:32:32
Sarah Palin,0.01,2016-03-17.01:32:32
Elizabeth Warren,0.01,2016-03-17.01:32:32
Rand Paul,0.01,2016-03-17.01:32:32
Martin O'Malley,0.01,2016-03-17.01:32:32
Jerry Brown,0.01,2016-03-17.01:32:32
Lindsey Graham,0.01,2016-03-17.01:32:32
Mike Huckabee,0.01,2016-03-17.01:32:32
Scott Walker,0.01,2016-03-17.01:32:32
Mike Pence,0.01,2016-03-17.01:32:32
Carly Fiorina,0.01,2016-03-17.01:32:32
Rick Perry,0.01,2016-03-17.01:32:32
Rick Santorum,0.01,2016-03-17.01:32:32
Ben Carson,0.01,2016-03-17.01:32:32
Bobby Jindal,0.01,2016-03-17.01:32:32
Lincoln Chafee,0.01,2016-03-17.01:32:32
Bill de Blasio,0.01,2016-03-17.01:32:32
Jim Webb,0.01,2016-03-17.01:32:32
George Pataki,0.01,2016-03-17.01:32:32
Hillary Clinton,0.62,2016-03-17.09:21:27
Donald Trump,0.30,2016-03-17.09:21:27
Bernie Sanders,0.07,2016-03-17.09:21:27
Ted Cruz,0.06,2016-03-17.09:21:27
John Kasich,0.04,2016-03-17.09:21:27
Joe Biden,0.02,2016-03-17.09:21:27
Mitt Romney,0.02,2016-03-17.09:21:27
Paul Ryan,0.02,2016-03-17.09:21:27
Marco Rubio,0.01,2016-03-17.09:21:27
Jeb Bush ,0.01,2016-03-17.09:21:27
Chris Christie ,0.01,2016-03-17.09:21:27
Michael Bloomberg,0.01,2016-03-17.09:21:27
Sarah Palin,0.01,2016-03-17.09:21:27
Elizabeth Warren,0.01,2016-03-17.09:21:27
Rand Paul,0.01,2016-03-17.09:21:27
Martin O'Malley,0.01,2016-03-17.09:21:27
Jerry Brown,0.01,2016-03-17.09:21:27
Lindsey Graham,0.01,2016-03-17.09:21:27
Mike Huckabee,0.01,2016-03-17.09:21:27
Scott Walker,0.01,2016-03-17.09:21:27
Mike Pence,0.01,2016-03-17.09:21:27
Carly Fiorina,0.01,2016-03-17.09:21:27
Rick Perry,0.01,2016-03-17.09:21:27
Rick Santorum,0.01,2016-03-17.09:21:27
Ben Carson,0.01,2016-03-17.09:21:27
Bobby Jindal,0.01,2016-03-17.09:21:27
Lincoln Chafee,0.01,2016-03-17.09:21:27
Bill de Blasio,0.01,2016-03-17.09:21:27
Jim Webb,0.01,2016-03-17.09:21:27
George Pataki,0.01,2016-03-17.09:21:27
Hillary Clinton,0.61,2016-03-18.22:58:49
Donald Trump,0.29,2016-03-18.22:58:49
Ted Cruz,0.07,2016-03-18.22:58:49
Bernie Sanders,0.08,2016-03-18.22:58:49
John Kasich,0.05,2016-03-18.22:58:49
Mitt Romney,0.03,2016-03-18.22:58:49
Joe Biden,0.03,2016-03-18.22:58:49
Marco Rubio,0.01,2016-03-18.22:58:49
Jeb Bush ,0.01,2016-03-18.22:58:49
Chris Christie ,0.01,2016-03-18.22:58:49
Michael Bloomberg,0.01,2016-03-18.22:58:49
Sarah Palin,0.01,2016-03-18.22:58:49
Elizabeth Warren,0.01,2016-03-18.22:58:49
Rand Paul,0.01,2016-03-18.22:58:49
Martin O'Malley,0.01,2016-03-18.22:58:49
Jerry Brown,0.01,2016-03-18.22:58:49
Lindsey Graham,0.01,2016-03-18.22:58:49
Mike Huckabee,0.01,2016-03-18.22:58:49
Scott Walker,0.01,2016-03-18.22:58:49
Mike Pence,0.01,2016-03-18.22:58:49
Carly Fiorina,0.01,2016-03-18.22:58:49
Rick Perry,0.01,2016-03-18.22:58:49
Rick Santorum,0.01,2016-03-18.22:58:49
Ben Carson,0.01,2016-03-18.22:58:49
Paul Ryan,0.02,2016-03-18.22:58:49
Bobby Jindal,0.01,2016-03-18.22:58:49
Lincoln Chafee,0.01,2016-03-18.22:58:49
Bill de Blasio,0.01,2016-03-18.22:58:49
Jim Webb,0.01,2016-03-18.22:58:49
George Pataki,0.01,2016-03-18.22:58:49
Hillary Clinton,0.62,2016-03-20.14:11:19
Donald Trump,0.28,2016-03-20.14:11:19
Bernie Sanders,0.08,2016-03-20.14:11:19
Ted Cruz,0.08,2016-03-20.14:11:19
John Kasich,0.04,2016-03-20.14:11:19
Joe Biden,0.02,2016-03-20.14:11:19
Mitt Romney,0.02,2016-03-20.14:11:19
Paul Ryan,0.03,2016-03-20.14:11:19
Marco Rubio,0.01,2016-03-20.14:11:19
Jeb Bush ,0.01,2016-03-20.14:11:19
Chris Christie ,0.01,2016-03-20.14:11:19
Michael Bloomberg,0.01,2016-03-20.14:11:19
Sarah Palin,0.01,2016-03-20.14:11:19
Elizabeth Warren,0.01,2016-03-20.14:11:19
Rand Paul,0.01,2016-03-20.14:11:19
Martin O'Malley,0.01,2016-03-20.14:11:19
Jerry Brown,0.01,2016-03-20.14:11:19
Lindsey Graham,0.01,2016-03-20.14:11:19
Mike Huckabee,0.01,2016-03-20.14:11:19
Scott Walker,0.01,2016-03-20.14:11:19
Mike Pence,0.01,2016-03-20.14:11:19
Carly Fiorina,0.01,2016-03-20.14:11:19
Rick Perry,0.01,2016-03-20.14:11:19
Rick Santorum,0.01,2016-03-20.14:11:19
Ben Carson,0.01,2016-03-20.14:11:19
Bobby Jindal,0.01,2016-03-20.14:11:19
Lincoln Chafee,0.01,2016-03-20.14:11:19
Bill de Blasio,0.01,2016-03-20.14:11:19
Jim Webb,0.01,2016-03-20.14:11:19
George Pataki,0.01,2016-03-20.14:11:19
Hillary Clinton,0.60,2016-03-22.12:40:49
Donald Trump,0.28,2016-03-22.12:40:49
Bernie Sanders,0.10,2016-03-22.12:40:49
Ted Cruz,0.07,2016-03-22.12:40:49
John Kasich,0.05,2016-03-22.12:40:49
Joe Biden,0.02,2016-03-22.12:40:49
Mitt Romney,0.03,2016-03-22.12:40:49
Paul Ryan,0.02,2016-03-22.12:40:49
Marco Rubio,0.01,2016-03-22.12:40:49
Jeb Bush ,0.01,2016-03-22.12:40:49
Chris Christie ,0.01,2016-03-22.12:40:49
Michael Bloomberg,0.01,2016-03-22.12:40:49
Sarah Palin,0.01,2016-03-22.12:40:49
Elizabeth Warren,0.01,2016-03-22.12:40:49
Rand Paul,0.01,2016-03-22.12:40:49
Martin O'Malley,0.01,2016-03-22.12:40:49
Jerry Brown,0.01,2016-03-22.12:40:49
Lindsey Graham,0.01,2016-03-22.12:40:49
Mike Huckabee,0.01,2016-03-22.12:40:49
Scott Walker,0.01,2016-03-22.12:40:49
Mike Pence,0.01,2016-03-22.12:40:49
Carly Fiorina,0.01,2016-03-22.12:40:49
Rick Perry,0.01,2016-03-22.12:40:49
Rick Santorum,0.01,2016-03-22.12:40:49
Ben Carson,0.01,2016-03-22.12:40:49
Bobby Jindal,0.01,2016-03-22.12:40:49
Lincoln Chafee,0.01,2016-03-22.12:40:49
Bill de Blasio,0.01,2016-03-22.12:40:49
Jim Webb,0.01,2016-03-22.12:40:49
George Pataki,0.01,2016-03-22.12:40:49
Hillary Clinton,0.60,2016-03-24.02:10:17
Donald Trump,0.29,2016-03-24.02:10:17
Bernie Sanders,0.10,2016-03-24.02:10:17
Ted Cruz,0.07,2016-03-24.02:10:17
Mitt Romney,0.03,2016-03-24.02:10:17
John Kasich,0.02,2016-03-24.02:10:17
Joe Biden,0.02,2016-03-24.02:10:17
Paul Ryan,0.02,2016-03-24.02:10:17
Marco Rubio,0.01,2016-03-24.02:10:17
Jeb Bush ,0.01,2016-03-24.02:10:17
Chris Christie ,0.01,2016-03-24.02:10:17
Michael Bloomberg,0.01,2016-03-24.02:10:17
Sarah Palin,0.01,2016-03-24.02:10:17
Elizabeth Warren,0.01,2016-03-24.02:10:17
Rand Paul,0.01,2016-03-24.02:10:17
Martin O'Malley,0.01,2016-03-24.02:10:17
Jerry Brown,0.01,2016-03-24.02:10:17
Lindsey Graham,0.01,2016-03-24.02:10:17
Mike Huckabee,0.01,2016-03-24.02:10:17
Scott Walker,0.01,2016-03-24.02:10:17
Mike Pence,0.01,2016-03-24.02:10:17
Carly Fiorina,0.01,2016-03-24.02:10:17
Rick Perry,0.01,2016-03-24.02:10:17
Rick Santorum,0.01,2016-03-24.02:10:17
Ben Carson,0.01,2016-03-24.02:10:17
Bobby Jindal,0.01,2016-03-24.02:10:17
Lincoln Chafee,0.01,2016-03-24.02:10:17
Bill de Blasio,0.01,2016-03-24.02:10:17
Jim Webb,0.01,2016-03-24.02:10:17
George Pataki,0.01,2016-03-24.02:10:17
Hillary Clinton,0.60,2016-03-25.00:22:57
Donald Trump,0.29,2016-03-25.00:22:57
Bernie Sanders,0.12,2016-03-25.00:22:57
Ted Cruz,0.07,2016-03-25.00:22:57
Mitt Romney,0.03,2016-03-25.00:22:57
John Kasich,0.02,2016-03-25.00:22:57
Paul Ryan,0.03,2016-03-25.00:22:57
Joe Biden,0.03,2016-03-25.00:22:57
Marco Rubio,0.01,2016-03-25.00:22:57
Jeb Bush ,0.01,2016-03-25.00:22:57
Chris Christie ,0.01,2016-03-25.00:22:57
Michael Bloomberg,0.01,2016-03-25.00:22:57
Sarah Palin,0.01,2016-03-25.00:22:57
Elizabeth Warren,0.01,2016-03-25.00:22:57
Rand Paul,0.01,2016-03-25.00:22:57
Martin O'Malley,0.01,2016-03-25.00:22:57
Jerry Brown,0.01,2016-03-25.00:22:57
Lindsey Graham,0.01,2016-03-25.00:22:57
Mike Huckabee,0.01,2016-03-25.00:22:57
Scott Walker,0.01,2016-03-25.00:22:57
Mike Pence,0.01,2016-03-25.00:22:57
Carly Fiorina,0.01,2016-03-25.00:22:57
Rick Perry,0.01,2016-03-25.00:22:57
Rick Santorum,0.01,2016-03-25.00:22:57
Ben Carson,0.01,2016-03-25.00:22:57
Bobby Jindal,0.01,2016-03-25.00:22:57
Lincoln Chafee,0.01,2016-03-25.00:22:57
Bill de Blasio,0.01,2016-03-25.00:22:57
Jim Webb,0.01,2016-03-25.00:22:57
George Pataki,0.01,2016-03-25.00:22:57
Hillary Clinton,0.60,2016-03-26.12:27:40
Donald Trump,0.29,2016-03-26.12:27:40
Bernie Sanders,0.13,2016-03-26.12:27:40
Ted Cruz,0.06,2016-03-26.12:27:40
John Kasich,0.03,2016-03-26.12:27:40
Paul Ryan,0.02,2016-03-26.12:27:40
Joe Biden,0.02,2016-03-26.12:27:40
Mitt Romney,0.02,2016-03-26.12:27:40
Marco Rubio,0.01,2016-03-26.12:27:40
Jeb Bush ,0.01,2016-03-26.12:27:40
Chris Christie ,0.01,2016-03-26.12:27:40
Michael Bloomberg,0.01,2016-03-26.12:27:40
Sarah Palin,0.01,2016-03-26.12:27:40
Elizabeth Warren,0.01,2016-03-26.12:27:40
Rand Paul,0.01,2016-03-26.12:27:40
Martin O'Malley,0.01,2016-03-26.12:27:40
Jerry Brown,0.01,2016-03-26.12:27:40
Lindsey Graham,0.01,2016-03-26.12:27:40
Mike Huckabee,0.01,2016-03-26.12:27:40
Scott Walker,0.01,2016-03-26.12:27:40
Mike Pence,0.01,2016-03-26.12:27:40
Carly Fiorina,0.01,2016-03-26.12:27:40
Rick Perry,0.01,2016-03-26.12:27:40
Rick Santorum,0.01,2016-03-26.12:27:40
Ben Carson,0.01,2016-03-26.12:27:40
Bobby Jindal,0.01,2016-03-26.12:27:40
Lincoln Chafee,0.01,2016-03-26.12:27:40
Bill de Blasio,0.01,2016-03-26.12:27:40
Jim Webb,0.01,2016-03-26.12:27:40
George Pataki,0.01,2016-03-26.12:27:40
Hillary Clinton,0.60,2016-03-27.17:29:46
Donald Trump,0.28,2016-03-27.17:29:46
Bernie Sanders,0.14,2016-03-27.17:29:46
Ted Cruz,0.06,2016-03-27.17:29:46
John Kasich,0.04,2016-03-27.17:29:46
Paul Ryan,0.03,2016-03-27.17:29:46
Joe Biden,0.03,2016-03-27.17:29:46
Mitt Romney,0.03,2016-03-27.17:29:46
Marco Rubio,0.01,2016-03-27.17:29:46
Jeb Bush ,0.01,2016-03-27.17:29:46
Chris Christie ,0.01,2016-03-27.17:29:46
Michael Bloomberg,0.01,2016-03-27.17:29:46
Sarah Palin,0.01,2016-03-27.17:29:46
Elizabeth Warren,0.01,2016-03-27.17:29:46
Rand Paul,0.01,2016-03-27.17:29:46
Martin O'Malley,0.01,2016-03-27.17:29:46
Jerry Brown,0.01,2016-03-27.17:29:46
Lindsey Graham,0.01,2016-03-27.17:29:46
Mike Huckabee,0.01,2016-03-27.17:29:46
Scott Walker,0.01,2016-03-27.17:29:46
Mike Pence,0.01,2016-03-27.17:29:46
Carly Fiorina,0.01,2016-03-27.17:29:46
Rick Perry,0.01,2016-03-27.17:29:46
Rick Santorum,0.01,2016-03-27.17:29:46
Ben Carson,0.01,2016-03-27.17:29:46
Bobby Jindal,0.01,2016-03-27.17:29:46
Lincoln Chafee,0.01,2016-03-27.17:29:46
Bill de Blasio,0.01,2016-03-27.17:29:46
Jim Webb,0.01,2016-03-27.17:29:46
George Pataki,0.01,2016-03-27.17:29:46
Hillary Clinton,0.61,2016-03-28.00:25:31
Donald Trump,0.28,2016-03-28.00:25:31
Bernie Sanders,0.12,2016-03-28.00:25:31
Ted Cruz,0.06,2016-03-28.00:25:31
John Kasich,0.05,2016-03-28.00:25:31
Joe Biden,0.02,2016-03-28.00:25:31
Mitt Romney,0.02,2016-03-28.00:25:31
Paul Ryan,0.03,2016-03-28.00:25:31
Marco Rubio,0.01,2016-03-28.00:25:31
Jeb Bush ,0.01,2016-03-28.00:25:31
Chris Christie ,0.01,2016-03-28.00:25:31
Michael Bloomberg,0.01,2016-03-28.00:25:31
Sarah Palin,0.01,2016-03-28.00:25:31
Elizabeth Warren,0.01,2016-03-28.00:25:31
Rand Paul,0.01,2016-03-28.00:25:31
Martin O'Malley,0.01,2016-03-28.00:25:31
Jerry Brown,0.01,2016-03-28.00:25:31
Lindsey Graham,0.01,2016-03-28.00:25:31
Mike Huckabee,0.01,2016-03-28.00:25:31
Scott Walker,0.01,2016-03-28.00:25:31
Mike Pence,0.01,2016-03-28.00:25:31
Carly Fiorina,0.01,2016-03-28.00:25:31
Rick Perry,0.01,2016-03-28.00:25:31
Rick Santorum,0.01,2016-03-28.00:25:31
Ben Carson,0.01,2016-03-28.00:25:31
Bobby Jindal,0.01,2016-03-28.00:25:31
Lincoln Chafee,0.01,2016-03-28.00:25:31
Bill de Blasio,0.01,2016-03-28.00:25:31
Jim Webb,0.01,2016-03-28.00:25:31
George Pataki,0.01,2016-03-28.00:25:31
Hillary Clinton,0.60,2016-03-29.22:50:48
Donald Trump,0.24,2016-03-29.22:50:48
Bernie Sanders,0.10,2016-03-29.22:50:48
Ted Cruz,0.07,2016-03-29.22:50:48
John Kasich,0.04,2016-03-29.22:50:48
Paul Ryan,0.02,2016-03-29.22:50:48
Mitt Romney,0.02,2016-03-29.22:50:48
Marco Rubio,0.01,2016-03-29.22:50:48
Jeb Bush ,0.01,2016-03-29.22:50:48
Chris Christie ,0.01,2016-03-29.22:50:48
Joe Biden,0.02,2016-03-29.22:50:48
Michael Bloomberg,0.01,2016-03-29.22:50:48
Sarah Palin,0.01,2016-03-29.22:50:48
Elizabeth Warren,0.01,2016-03-29.22:50:48
Rand Paul,0.01,2016-03-29.22:50:48
Martin O'Malley,0.01,2016-03-29.22:50:48
Jerry Brown,0.01,2016-03-29.22:50:48
Lindsey Graham,0.01,2016-03-29.22:50:48
Mike Huckabee,0.01,2016-03-29.22:50:48
Scott Walker,0.01,2016-03-29.22:50:48
Mike Pence,0.01,2016-03-29.22:50:48
Carly Fiorina,0.01,2016-03-29.22:50:48
Rick Perry,0.01,2016-03-29.22:50:48
Rick Santorum,0.01,2016-03-29.22:50:48
Ben Carson,0.01,2016-03-29.22:50:48
Bobby Jindal,0.01,2016-03-29.22:50:48
Lincoln Chafee,0.01,2016-03-29.22:50:48
Bill de Blasio,0.01,2016-03-29.22:50:48
Jim Webb,0.01,2016-03-29.22:50:48
George Pataki,0.01,2016-03-29.22:50:48
Hillary Clinton,0.60,2016-03-30.19:00:10
Donald Trump,0.24,2016-03-30.19:00:10
Ted Cruz,0.09,2016-03-30.19:00:10
Bernie Sanders,0.12,2016-03-30.19:00:10
John Kasich,0.05,2016-03-30.19:00:10
Paul Ryan,0.04,2016-03-30.19:00:10
Mitt Romney,0.02,2016-03-30.19:00:10
Marco Rubio,0.01,2016-03-30.19:00:10
Jeb Bush ,0.01,2016-03-30.19:00:10
Chris Christie ,0.01,2016-03-30.19:00:10
Joe Biden,0.01,2016-03-30.19:00:10
Michael Bloomberg,0.01,2016-03-30.19:00:10
Sarah Palin,0.01,2016-03-30.19:00:10
Elizabeth Warren,0.01,2016-03-30.19:00:10
Rand Paul,0.01,2016-03-30.19:00:10
Martin O'Malley,0.01,2016-03-30.19:00:10
Jerry Brown,0.01,2016-03-30.19:00:10
Lindsey Graham,0.01,2016-03-30.19:00:10
Mike Huckabee,0.01,2016-03-30.19:00:10
Scott Walker,0.01,2016-03-30.19:00:10
Mike Pence,0.01,2016-03-30.19:00:10
Carly Fiorina,0.01,2016-03-30.19:00:10
Rick Perry,0.01,2016-03-30.19:00:10
Rick Santorum,0.01,2016-03-30.19:00:10
Ben Carson,0.01,2016-03-30.19:00:10
Bobby Jindal,0.01,2016-03-30.19:00:10
Lincoln Chafee,0.01,2016-03-30.19:00:10
Bill de Blasio,0.01,2016-03-30.19:00:10
Jim Webb,0.01,2016-03-30.19:00:10
George Pataki,0.01,2016-03-30.19:00:10
Hillary Clinton,0.59,2016-03-31.13:21:37
Donald Trump,0.20,2016-03-31.13:21:37
Ted Cruz,0.12,2016-03-31.13:21:37
Bernie Sanders,0.12,2016-03-31.13:21:37
John Kasich,0.05,2016-03-31.13:21:37
Paul Ryan,0.05,2016-03-31.13:21:37
Mitt Romney,0.03,2016-03-31.13:21:37
Marco Rubio,0.01,2016-03-31.13:21:37
Jeb Bush ,0.01,2016-03-31.13:21:37
Chris Christie ,0.01,2016-03-31.13:21:37
Joe Biden,0.01,2016-03-31.13:21:37
Michael Bloomberg,0.01,2016-03-31.13:21:37
Sarah Palin,0.01,2016-03-31.13:21:37
Elizabeth Warren,0.01,2016-03-31.13:21:37
Rand Paul,0.01,2016-03-31.13:21:37
Martin O'Malley,0.01,2016-03-31.13:21:37
Jerry Brown,0.01,2016-03-31.13:21:37
Lindsey Graham,0.01,2016-03-31.13:21:37
Mike Huckabee,0.01,2016-03-31.13:21:37
Scott Walker,0.01,2016-03-31.13:21:37
Mike Pence,0.01,2016-03-31.13:21:37
Carly Fiorina,0.01,2016-03-31.13:21:37
Rick Perry,0.01,2016-03-31.13:21:37
Rick Santorum,0.01,2016-03-31.13:21:37
Ben Carson,0.01,2016-03-31.13:21:37
Bobby Jindal,0.01,2016-03-31.13:21:37
Lincoln Chafee,0.01,2016-03-31.13:21:37
Bill de Blasio,0.01,2016-03-31.13:21:37
Jim Webb,0.01,2016-03-31.13:21:37
George Pataki,0.01,2016-03-31.13:21:37
Hillary Clinton,0.59,2016-04-02.13:40:24
Donald Trump,0.18,2016-04-02.13:40:24
Ted Cruz,0.14,2016-04-02.13:40:24
Bernie Sanders,0.13,2016-04-02.13:40:24
John Kasich,0.06,2016-04-02.13:40:24
Paul Ryan,0.06,2016-04-02.13:40:24
Mitt Romney,0.03,2016-04-02.13:40:24
Joe Biden,0.01,2016-04-02.13:40:24
Marco Rubio,0.01,2016-04-02.13:40:24
Jeb Bush ,0.01,2016-04-02.13:40:24
Chris Christie ,0.01,2016-04-02.13:40:24
Michael Bloomberg,0.01,2016-04-02.13:40:24
Sarah Palin,0.01,2016-04-02.13:40:24
Elizabeth Warren,0.01,2016-04-02.13:40:24
Rand Paul,0.01,2016-04-02.13:40:24
Martin O'Malley,0.01,2016-04-02.13:40:24
Jerry Brown,0.01,2016-04-02.13:40:24
Lindsey Graham,0.01,2016-04-02.13:40:24
Mike Huckabee,0.01,2016-04-02.13:40:24
Scott Walker,0.01,2016-04-02.13:40:24
Mike Pence,0.01,2016-04-02.13:40:24
Carly Fiorina,0.01,2016-04-02.13:40:24
Rick Perry,0.01,2016-04-02.13:40:24
Rick Santorum,0.01,2016-04-02.13:40:24
Ben Carson,0.01,2016-04-02.13:40:24
Bobby Jindal,0.01,2016-04-02.13:40:24
Lincoln Chafee,0.01,2016-04-02.13:40:24
Bill de Blasio,0.01,2016-04-02.13:40:24
Jim Webb,0.01,2016-04-02.13:40:24
George Pataki,0.01,2016-04-02.13:40:24
Hillary Clinton,0.59,2016-04-02.13:40:30
Donald Trump,0.18,2016-04-02.13:40:30
Ted Cruz,0.14,2016-04-02.13:40:30
Bernie Sanders,0.13,2016-04-02.13:40:30
John Kasich,0.06,2016-04-02.13:40:30
Paul Ryan,0.06,2016-04-02.13:40:30
Mitt Romney,0.03,2016-04-02.13:40:30
Joe Biden,0.01,2016-04-02.13:40:30
Marco Rubio,0.01,2016-04-02.13:40:30
Jeb Bush ,0.01,2016-04-02.13:40:30
Chris Christie ,0.01,2016-04-02.13:40:30
Michael Bloomberg,0.01,2016-04-02.13:40:30
Sarah Palin,0.01,2016-04-02.13:40:30
Elizabeth Warren,0.01,2016-04-02.13:40:30
Rand Paul,0.01,2016-04-02.13:40:30
Martin O'Malley,0.01,2016-04-02.13:40:30
Jerry Brown,0.01,2016-04-02.13:40:30
Lindsey Graham,0.01,2016-04-02.13:40:30
Mike Huckabee,0.01,2016-04-02.13:40:30
Scott Walker,0.01,2016-04-02.13:40:30
Mike Pence,0.01,2016-04-02.13:40:30
Carly Fiorina,0.01,2016-04-02.13:40:30
Rick Perry,0.01,2016-04-02.13:40:30
Rick Santorum,0.01,2016-04-02.13:40:30
Ben Carson,0.01,2016-04-02.13:40:30
Bobby Jindal,0.01,2016-04-02.13:40:30
Lincoln Chafee,0.01,2016-04-02.13:40:30
Bill de Blasio,0.01,2016-04-02.13:40:30
Jim Webb,0.01,2016-04-02.13:40:30
George Pataki,0.01,2016-04-02.13:40:30
Hillary Clinton,0.58,2016-04-03.15:00:30
Donald Trump,0.18,2016-04-03.15:00:30
Ted Cruz,0.15,2016-04-03.15:00:30
Bernie Sanders,0.16,2016-04-03.15:00:30
Paul Ryan,0.06,2016-04-03.15:00:30
John Kasich,0.05,2016-04-03.15:00:30
Joe Biden,0.01,2016-04-03.15:00:30
Mitt Romney,0.04,2016-04-03.15:00:30
Marco Rubio,0.01,2016-04-03.15:00:30
Jeb Bush ,0.01,2016-04-03.15:00:30
Chris Christie ,0.01,2016-04-03.15:00:30
Michael Bloomberg,0.01,2016-04-03.15:00:30
Sarah Palin,0.01,2016-04-03.15:00:30
Elizabeth Warren,0.01,2016-04-03.15:00:30
Rand Paul,0.01,2016-04-03.15:00:30
Martin O'Malley,0.01,2016-04-03.15:00:30
Jerry Brown,0.01,2016-04-03.15:00:30
Lindsey Graham,0.01,2016-04-03.15:00:30
Mike Huckabee,0.01,2016-04-03.15:00:30
Scott Walker,0.01,2016-04-03.15:00:30
Mike Pence,0.01,2016-04-03.15:00:30
Carly Fiorina,0.01,2016-04-03.15:00:30
Rick Perry,0.01,2016-04-03.15:00:30
Rick Santorum,0.01,2016-04-03.15:00:30
Ben Carson,0.01,2016-04-03.15:00:30
Bobby Jindal,0.01,2016-04-03.15:00:30
Lincoln Chafee,0.01,2016-04-03.15:00:30
Bill de Blasio,0.01,2016-04-03.15:00:30
Jim Webb,0.01,2016-04-03.15:00:30
George Pataki,0.01,2016-04-03.15:00:30
Hillary Clinton,0.58,2016-04-05.02:17:17
Donald Trump,0.19,2016-04-05.02:17:17
Bernie Sanders,0.15,2016-04-05.02:17:17
Ted Cruz,0.14,2016-04-05.02:17:17
Paul Ryan,0.07,2016-04-05.02:17:17
John Kasich,0.05,2016-04-05.02:17:17
Mitt Romney,0.03,2016-04-05.02:17:17
Joe Biden,0.03,2016-04-05.02:17:17
Marco Rubio,0.01,2016-04-05.02:17:17
Jeb Bush ,0.01,2016-04-05.02:17:17
Chris Christie ,0.01,2016-04-05.02:17:17
Michael Bloomberg,0.01,2016-04-05.02:17:17
Sarah Palin,0.01,2016-04-05.02:17:17
Elizabeth Warren,0.01,2016-04-05.02:17:17
Rand Paul,0.01,2016-04-05.02:17:17
Martin O'Malley,0.01,2016-04-05.02:17:17
Jerry Brown,0.01,2016-04-05.02:17:17
Lindsey Graham,0.01,2016-04-05.02:17:17
Mike Huckabee,0.01,2016-04-05.02:17:17
Scott Walker,0.01,2016-04-05.02:17:17
Mike Pence,0.01,2016-04-05.02:17:17
Carly Fiorina,0.01,2016-04-05.02:17:17
Rick Perry,0.01,2016-04-05.02:17:17
Rick Santorum,0.01,2016-04-05.02:17:17
Ben Carson,0.01,2016-04-05.02:17:17
Bobby Jindal,0.01,2016-04-05.02:17:17
Lincoln Chafee,0.01,2016-04-05.02:17:17
Bill de Blasio,0.01,2016-04-05.02:17:17
Jim Webb,0.01,2016-04-05.02:17:17
George Pataki,0.01,2016-04-05.02:17:17
Hillary Clinton,0.59,2016-04-06.01:40:03
Donald Trump,0.16,2016-04-06.01:40:03
Bernie Sanders,0.15,2016-04-06.01:40:03
Ted Cruz,0.14,2016-04-06.01:40:03
Paul Ryan,0.07,2016-04-06.01:40:03
John Kasich,0.06,2016-04-06.01:40:03
Joe Biden,0.03,2016-04-06.01:40:03
Mitt Romney,0.02,2016-04-06.01:40:03
Marco Rubio,0.01,2016-04-06.01:40:03
Jeb Bush ,0.01,2016-04-06.01:40:03
Chris Christie ,0.01,2016-04-06.01:40:03
Michael Bloomberg,0.01,2016-04-06.01:40:03
Sarah Palin,0.01,2016-04-06.01:40:03
Elizabeth Warren,0.01,2016-04-06.01:40:03
Rand Paul,0.01,2016-04-06.01:40:03
Martin O'Malley,0.01,2016-04-06.01:40:03
Jerry Brown,0.01,2016-04-06.01:40:03
Lindsey Graham,0.01,2016-04-06.01:40:03
Mike Huckabee,0.01,2016-04-06.01:40:03
Scott Walker,0.01,2016-04-06.01:40:03
Mike Pence,0.01,2016-04-06.01:40:03
Carly Fiorina,0.01,2016-04-06.01:40:03
Rick Perry,0.01,2016-04-06.01:40:03
Rick Santorum,0.01,2016-04-06.01:40:03
Ben Carson,0.01,2016-04-06.01:40:03
Bobby Jindal,0.01,2016-04-06.01:40:03
Lincoln Chafee,0.01,2016-04-06.01:40:03
Bill de Blasio,0.01,2016-04-06.01:40:03
Jim Webb,0.01,2016-04-06.01:40:03
George Pataki,0.01,2016-04-06.01:40:03
Hillary Clinton,0.59,2016-04-06.20:52:54
Donald Trump,0.16,2016-04-06.20:52:54
Ted Cruz,0.14,2016-04-06.20:52:54
Bernie Sanders,0.15,2016-04-06.20:52:54
Paul Ryan,0.07,2016-04-06.20:52:54
John Kasich,0.06,2016-04-06.20:52:54
Joe Biden,0.03,2016-04-06.20:52:54
Mitt Romney,0.02,2016-04-06.20:52:54
Marco Rubio,0.01,2016-04-06.20:52:54
Jeb Bush ,0.01,2016-04-06.20:52:54
Chris Christie ,0.01,2016-04-06.20:52:54
Michael Bloomberg,0.01,2016-04-06.20:52:54
Sarah Palin,0.01,2016-04-06.20:52:54
Elizabeth Warren,0.01,2016-04-06.20:52:54
Rand Paul,0.01,2016-04-06.20:52:54
Martin O'Malley,0.01,2016-04-06.20:52:54
Jerry Brown,0.01,2016-04-06.20:52:54
Lindsey Graham,0.01,2016-04-06.20:52:54
Mike Huckabee,0.01,2016-04-06.20:52:54
Scott Walker,0.01,2016-04-06.20:52:54
Mike Pence,0.01,2016-04-06.20:52:54
Carly Fiorina,0.01,2016-04-06.20:52:54
Rick Perry,0.01,2016-04-06.20:52:54
Rick Santorum,0.01,2016-04-06.20:52:54
Ben Carson,0.01,2016-04-06.20:52:54
Bobby Jindal,0.01,2016-04-06.20:52:54
Lincoln Chafee,0.01,2016-04-06.20:52:54
Bill de Blasio,0.01,2016-04-06.20:52:54
Jim Webb,0.01,2016-04-06.20:52:54
George Pataki,0.01,2016-04-06.20:52:54
Hillary Clinton,0.61,2016-04-07.00:53:23
Donald Trump,0.20,2016-04-07.00:53:23
Ted Cruz,0.14,2016-04-07.00:53:23
Bernie Sanders,0.14,2016-04-07.00:53:23
John Kasich,0.05,2016-04-07.00:53:23
Paul Ryan,0.05,2016-04-07.00:53:23
Joe Biden,0.02,2016-04-07.00:53:23
Marco Rubio,0.01,2016-04-07.00:53:23
Jeb Bush ,0.01,2016-04-07.00:53:23
Chris Christie ,0.01,2016-04-07.00:53:23
Michael Bloomberg,0.01,2016-04-07.00:53:23
Sarah Palin,0.01,2016-04-07.00:53:23
Elizabeth Warren,0.01,2016-04-07.00:53:23
Rand Paul,0.01,2016-04-07.00:53:23
Mitt Romney,0.02,2016-04-07.00:53:23
Martin O'Malley,0.01,2016-04-07.00:53:23
Jerry Brown,0.01,2016-04-07.00:53:23
Lindsey Graham,0.01,2016-04-07.00:53:23
Mike Huckabee,0.01,2016-04-07.00:53:23
Scott Walker,0.01,2016-04-07.00:53:23
Mike Pence,0.01,2016-04-07.00:53:23
Carly Fiorina,0.01,2016-04-07.00:53:23
Rick Perry,0.01,2016-04-07.00:53:23
Rick Santorum,0.01,2016-04-07.00:53:23
Ben Carson,0.01,2016-04-07.00:53:23
Bobby Jindal,0.01,2016-04-07.00:53:23
Lincoln Chafee,0.01,2016-04-07.00:53:23
Bill de Blasio,0.01,2016-04-07.00:53:23
Jim Webb,0.01,2016-04-07.00:53:23
George Pataki,0.01,2016-04-07.00:53:23
Hillary Clinton,0.61,2016-04-07.12:22:30
Donald Trump,0.20,2016-04-07.12:22:30
Ted Cruz,0.14,2016-04-07.12:22:30
Bernie Sanders,0.14,2016-04-07.12:22:30
Paul Ryan,0.05,2016-04-07.12:22:30
John Kasich,0.05,2016-04-07.12:22:30
Joe Biden,0.02,2016-04-07.12:22:30
Mitt Romney,0.02,2016-04-07.12:22:30
Marco Rubio,0.01,2016-04-07.12:22:30
Jeb Bush ,0.01,2016-04-07.12:22:30
Chris Christie ,0.01,2016-04-07.12:22:30
Michael Bloomberg,0.01,2016-04-07.12:22:30
Sarah Palin,0.01,2016-04-07.12:22:30
Elizabeth Warren,0.01,2016-04-07.12:22:30
Rand Paul,0.01,2016-04-07.12:22:30
Martin O'Malley,0.01,2016-04-07.12:22:30
Jerry Brown,0.01,2016-04-07.12:22:30
Lindsey Graham,0.01,2016-04-07.12:22:30
Mike Huckabee,0.01,2016-04-07.12:22:30
Scott Walker,0.01,2016-04-07.12:22:30
Mike Pence,0.01,2016-04-07.12:22:30
Carly Fiorina,0.01,2016-04-07.12:22:30
Rick Perry,0.01,2016-04-07.12:22:30
Rick Santorum,0.01,2016-04-07.12:22:30
Ben Carson,0.01,2016-04-07.12:22:30
Bobby Jindal,0.01,2016-04-07.12:22:30
Lincoln Chafee,0.01,2016-04-07.12:22:30
Bill de Blasio,0.01,2016-04-07.12:22:30
Jim Webb,0.01,2016-04-07.12:22:30
George Pataki,0.01,2016-04-07.12:22:30
Hillary Clinton,0.61,2016-04-07.19:48:47
Donald Trump,0.20,2016-04-07.19:48:47
Ted Cruz,0.14,2016-04-07.19:48:47
Bernie Sanders,0.14,2016-04-07.19:48:47
John Kasich,0.05,2016-04-07.19:48:47
Paul Ryan,0.05,2016-04-07.19:48:47
Joe Biden,0.02,2016-04-07.19:48:47
Mitt Romney,0.02,2016-04-07.19:48:47
Marco Rubio,0.01,2016-04-07.19:48:47
Jeb Bush ,0.01,2016-04-07.19:48:47
Chris Christie ,0.01,2016-04-07.19:48:47
Michael Bloomberg,0.01,2016-04-07.19:48:47
Sarah Palin,0.01,2016-04-07.19:48:47
Elizabeth Warren,0.01,2016-04-07.19:48:47
Rand Paul,0.01,2016-04-07.19:48:47
Martin O'Malley,0.01,2016-04-07.19:48:47
Jerry Brown,0.01,2016-04-07.19:48:47
Lindsey Graham,0.01,2016-04-07.19:48:47
Mike Huckabee,0.01,2016-04-07.19:48:47
Scott Walker,0.01,2016-04-07.19:48:47
Mike Pence,0.01,2016-04-07.19:48:47
Carly Fiorina,0.01,2016-04-07.19:48:47
Rick Perry,0.01,2016-04-07.19:48:47
Rick Santorum,0.01,2016-04-07.19:48:47
Ben Carson,0.01,2016-04-07.19:48:47
Bobby Jindal,0.01,2016-04-07.19:48:47
Lincoln Chafee,0.01,2016-04-07.19:48:47
Bill de Blasio,0.01,2016-04-07.19:48:47
Jim Webb,0.01,2016-04-07.19:48:47
George Pataki,0.01,2016-04-07.19:48:47
Hillary Clinton,0.61,2016-04-10.01:51:10
Donald Trump,0.21,2016-04-10.01:51:10
Ted Cruz,0.13,2016-04-10.01:51:10
Bernie Sanders,0.10,2016-04-10.01:51:10
Paul Ryan,0.06,2016-04-10.01:51:10
John Kasich,0.06,2016-04-10.01:51:10
Joe Biden,0.02,2016-04-10.01:51:10
Marco Rubio,0.01,2016-04-10.01:51:10
Jeb Bush ,0.01,2016-04-10.01:51:10
Chris Christie ,0.01,2016-04-10.01:51:10
Michael Bloomberg,0.01,2016-04-10.01:51:10
Sarah Palin,0.01,2016-04-10.01:51:10
Elizabeth Warren,0.01,2016-04-10.01:51:10
Rand Paul,0.01,2016-04-10.01:51:10
Mitt Romney,0.01,2016-04-10.01:51:10
Martin O'Malley,0.01,2016-04-10.01:51:10
Jerry Brown,0.01,2016-04-10.01:51:10
Lindsey Graham,0.01,2016-04-10.01:51:10
Mike Huckabee,0.01,2016-04-10.01:51:10
Scott Walker,0.01,2016-04-10.01:51:10
Mike Pence,0.01,2016-04-10.01:51:10
Carly Fiorina,0.01,2016-04-10.01:51:10
Rick Perry,0.01,2016-04-10.01:51:10
Rick Santorum,0.01,2016-04-10.01:51:10
Ben Carson,0.01,2016-04-10.01:51:10
Bobby Jindal,0.01,2016-04-10.01:51:10
Lincoln Chafee,0.01,2016-04-10.01:51:10
Bill de Blasio,0.01,2016-04-10.01:51:10
Jim Webb,0.01,2016-04-10.01:51:10
George Pataki,0.01,2016-04-10.01:51:10
Hillary Clinton,0.59,2016-04-11.20:07:27
Donald Trump,0.20,2016-04-11.20:07:27
Bernie Sanders,0.08,2016-04-11.20:07:27
Ted Cruz,0.11,2016-04-11.20:07:27
John Kasich,0.05,2016-04-11.20:07:27
Paul Ryan,0.06,2016-04-11.20:07:27
Joe Biden,0.03,2016-04-11.20:07:27
Marco Rubio,0.01,2016-04-11.20:07:27
Jeb Bush ,0.01,2016-04-11.20:07:27
Chris Christie ,0.01,2016-04-11.20:07:27
Michael Bloomberg,0.01,2016-04-11.20:07:27
Sarah Palin,0.01,2016-04-11.20:07:27
Elizabeth Warren,0.01,2016-04-11.20:07:27
Rand Paul,0.01,2016-04-11.20:07:27
Mitt Romney,0.02,2016-04-11.20:07:27
Martin O'Malley,0.01,2016-04-11.20:07:27
Jerry Brown,0.01,2016-04-11.20:07:27
Lindsey Graham,0.01,2016-04-11.20:07:27
Mike Huckabee,0.01,2016-04-11.20:07:27
Scott Walker,0.01,2016-04-11.20:07:27
Mike Pence,0.01,2016-04-11.20:07:27
Carly Fiorina,0.01,2016-04-11.20:07:27
Rick Perry,0.01,2016-04-11.20:07:27
Rick Santorum,0.01,2016-04-11.20:07:27
Ben Carson,0.01,2016-04-11.20:07:27
Bobby Jindal,0.01,2016-04-11.20:07:27
Lincoln Chafee,0.01,2016-04-11.20:07:27
Bill de Blasio,0.01,2016-04-11.20:07:27
Jim Webb,0.01,2016-04-11.20:07:27
George Pataki,0.01,2016-04-11.20:07:27
Hillary Clinton,0.61,2016-04-12.01:15:55
Donald Trump,0.19,2016-04-12.01:15:55
Ted Cruz,0.11,2016-04-12.01:15:55
Bernie Sanders,0.09,2016-04-12.01:15:55
Paul Ryan,0.06,2016-04-12.01:15:55
John Kasich,0.05,2016-04-12.01:15:55
Joe Biden,0.03,2016-04-12.01:15:55
Marco Rubio,0.01,2016-04-12.01:15:55
Jeb Bush ,0.01,2016-04-12.01:15:55
Chris Christie ,0.01,2016-04-12.01:15:55
Michael Bloomberg,0.01,2016-04-12.01:15:55
Sarah Palin,0.01,2016-04-12.01:15:55
Elizabeth Warren,0.01,2016-04-12.01:15:55
Rand Paul,0.01,2016-04-12.01:15:55
Mitt Romney,0.01,2016-04-12.01:15:55
Martin O'Malley,0.01,2016-04-12.01:15:55
Jerry Brown,0.01,2016-04-12.01:15:55
Lindsey Graham,0.01,2016-04-12.01:15:55
Mike Huckabee,0.01,2016-04-12.01:15:55
Scott Walker,0.01,2016-04-12.01:15:55
Mike Pence,0.01,2016-04-12.01:15:55
Carly Fiorina,0.01,2016-04-12.01:15:55
Rick Perry,0.01,2016-04-12.01:15:55
Rick Santorum,0.01,2016-04-12.01:15:55
Ben Carson,0.01,2016-04-12.01:15:55
Bobby Jindal,0.01,2016-04-12.01:15:55
Lincoln Chafee,0.01,2016-04-12.01:15:55
Bill de Blasio,0.01,2016-04-12.01:15:55
Jim Webb,0.01,2016-04-12.01:15:55
George Pataki,0.01,2016-04-12.01:15:55
Hillary Clinton,0.61,2016-04-12.12:53:01
Donald Trump,0.19,2016-04-12.12:53:01
Ted Cruz,0.11,2016-04-12.12:53:01
Bernie Sanders,0.09,2016-04-12.12:53:01
John Kasich,0.05,2016-04-12.12:53:01
Joe Biden,0.03,2016-04-12.12:53:01
Mitt Romney,0.01,2016-04-12.12:53:01
Paul Ryan,0.06,2016-04-12.12:53:01
Marco Rubio,0.01,2016-04-12.12:53:01
Jeb Bush ,0.01,2016-04-12.12:53:01
Chris Christie ,0.01,2016-04-12.12:53:01
Michael Bloomberg,0.01,2016-04-12.12:53:01
Sarah Palin,0.01,2016-04-12.12:53:01
Elizabeth Warren,0.01,2016-04-12.12:53:01
Rand Paul,0.01,2016-04-12.12:53:01
Martin O'Malley,0.01,2016-04-12.12:53:01
Jerry Brown,0.01,2016-04-12.12:53:01
Lindsey Graham,0.01,2016-04-12.12:53:01
Mike Huckabee,0.01,2016-04-12.12:53:01
Scott Walker,0.01,2016-04-12.12:53:01
Mike Pence,0.01,2016-04-12.12:53:01
Carly Fiorina,0.01,2016-04-12.12:53:01
Rick Perry,0.01,2016-04-12.12:53:01
Rick Santorum,0.01,2016-04-12.12:53:01
Ben Carson,0.01,2016-04-12.12:53:01
Bobby Jindal,0.01,2016-04-12.12:53:01
Lincoln Chafee,0.01,2016-04-12.12:53:01
Bill de Blasio,0.01,2016-04-12.12:53:01
Jim Webb,0.01,2016-04-12.12:53:01
George Pataki,0.01,2016-04-12.12:53:01
Hillary Clinton,0.62,2016-04-13.01:27:54
Donald Trump,0.20,2016-04-13.01:27:54
Ted Cruz,0.11,2016-04-13.01:27:54
Bernie Sanders,0.09,2016-04-13.01:27:54
John Kasich,0.07,2016-04-13.01:27:54
Joe Biden,0.02,2016-04-13.01:27:54
Marco Rubio,0.01,2016-04-13.01:27:54
Jeb Bush ,0.01,2016-04-13.01:27:54
Chris Christie ,0.01,2016-04-13.01:27:54
Michael Bloomberg,0.01,2016-04-13.01:27:54
Sarah Palin,0.01,2016-04-13.01:27:54
Elizabeth Warren,0.01,2016-04-13.01:27:54
Rand Paul,0.01,2016-04-13.01:27:54
Mitt Romney,0.01,2016-04-13.01:27:54
Martin O'Malley,0.01,2016-04-13.01:27:54
Jerry Brown,0.01,2016-04-13.01:27:54
Lindsey Graham,0.01,2016-04-13.01:27:54
Mike Huckabee,0.01,2016-04-13.01:27:54
Scott Walker,0.01,2016-04-13.01:27:54
Mike Pence,0.01,2016-04-13.01:27:54
Carly Fiorina,0.01,2016-04-13.01:27:54
Rick Perry,0.01,2016-04-13.01:27:54
Rick Santorum,0.01,2016-04-13.01:27:54
Ben Carson,0.01,2016-04-13.01:27:54
Paul Ryan,0.02,2016-04-13.01:27:54
Bobby Jindal,0.01,2016-04-13.01:27:54
Lincoln Chafee,0.01,2016-04-13.01:27:54
Bill de Blasio,0.01,2016-04-13.01:27:54
Jim Webb,0.01,2016-04-13.01:27:54
George Pataki,0.01,2016-04-13.01:27:54
Hillary Clinton,0.62,2016-04-13.20:13:16
Donald Trump,0.20,2016-04-13.20:13:16
Ted Cruz,0.11,2016-04-13.20:13:16
Bernie Sanders,0.09,2016-04-13.20:13:16
John Kasich,0.07,2016-04-13.20:13:16
Joe Biden,0.02,2016-04-13.20:13:16
Mitt Romney,0.01,2016-04-13.20:13:16
Paul Ryan,0.02,2016-04-13.20:13:16
Marco Rubio,0.01,2016-04-13.20:13:16
Jeb Bush ,0.01,2016-04-13.20:13:16
Chris Christie ,0.01,2016-04-13.20:13:16
Michael Bloomberg,0.01,2016-04-13.20:13:16
Sarah Palin,0.01,2016-04-13.20:13:16
Elizabeth Warren,0.01,2016-04-13.20:13:16
Rand Paul,0.01,2016-04-13.20:13:16
Martin O'Malley,0.01,2016-04-13.20:13:16
Jerry Brown,0.01,2016-04-13.20:13:16
Lindsey Graham,0.01,2016-04-13.20:13:16
Mike Huckabee,0.01,2016-04-13.20:13:16
Scott Walker,0.01,2016-04-13.20:13:16
Mike Pence,0.01,2016-04-13.20:13:16
Carly Fiorina,0.01,2016-04-13.20:13:16
Rick Perry,0.01,2016-04-13.20:13:16
Rick Santorum,0.01,2016-04-13.20:13:16
Ben Carson,0.01,2016-04-13.20:13:16
Bobby Jindal,0.01,2016-04-13.20:13:16
Lincoln Chafee,0.01,2016-04-13.20:13:16
Bill de Blasio,0.01,2016-04-13.20:13:16
Jim Webb,0.01,2016-04-13.20:13:16
George Pataki,0.01,2016-04-13.20:13:16
Hillary Clinton,0.62,2016-04-14.10:58:18
Donald Trump,0.21,2016-04-14.10:58:18
Ted Cruz,0.10,2016-04-14.10:58:18
Bernie Sanders,0.08,2016-04-14.10:58:18
John Kasich,0.06,2016-04-14.10:58:18
Joe Biden,0.02,2016-04-14.10:58:18
Mitt Romney,0.02,2016-04-14.10:58:18
Paul Ryan,0.02,2016-04-14.10:58:18
Marco Rubio,0.01,2016-04-14.10:58:18
Jeb Bush ,0.01,2016-04-14.10:58:18
Chris Christie ,0.01,2016-04-14.10:58:18
Michael Bloomberg,0.01,2016-04-14.10:58:18
Sarah Palin,0.01,2016-04-14.10:58:18
Elizabeth Warren,0.01,2016-04-14.10:58:18
Rand Paul,0.01,2016-04-14.10:58:18
Martin O'Malley,0.01,2016-04-14.10:58:18
Jerry Brown,0.01,2016-04-14.10:58:18
Lindsey Graham,0.01,2016-04-14.10:58:18
Mike Huckabee,0.01,2016-04-14.10:58:18
Scott Walker,0.01,2016-04-14.10:58:18
Mike Pence,0.01,2016-04-14.10:58:18
Carly Fiorina,0.01,2016-04-14.10:58:18
Rick Perry,0.01,2016-04-14.10:58:18
Rick Santorum,0.01,2016-04-14.10:58:18
Ben Carson,0.01,2016-04-14.10:58:18
Bobby Jindal,0.01,2016-04-14.10:58:18
Lincoln Chafee,0.01,2016-04-14.10:58:18
Bill de Blasio,0.01,2016-04-14.10:58:18
Jim Webb,0.01,2016-04-14.10:58:18
George Pataki,0.01,2016-04-14.10:58:18
Hillary Clinton,0.62,2016-04-16.00:18:07
Donald Trump,0.25,2016-04-16.00:18:07
Ted Cruz,0.10,2016-04-16.00:18:07
Bernie Sanders,0.08,2016-04-16.00:18:07
John Kasich,0.05,2016-04-16.00:18:07
Joe Biden,0.03,2016-04-16.00:18:07
Paul Ryan,0.02,2016-04-16.00:18:07
Marco Rubio,0.01,2016-04-16.00:18:07
Jeb Bush ,0.01,2016-04-16.00:18:07
Chris Christie ,0.01,2016-04-16.00:18:07
Michael Bloomberg,0.01,2016-04-16.00:18:07
Sarah Palin,0.01,2016-04-16.00:18:07
Elizabeth Warren,0.01,2016-04-16.00:18:07
Rand Paul,0.01,2016-04-16.00:18:07
Mitt Romney,0.01,2016-04-16.00:18:07
Martin O'Malley,0.01,2016-04-16.00:18:07
Jerry Brown,0.01,2016-04-16.00:18:07
Lindsey Graham,0.01,2016-04-16.00:18:07
Mike Huckabee,0.01,2016-04-16.00:18:07
Scott Walker,0.01,2016-04-16.00:18:07
Mike Pence,0.01,2016-04-16.00:18:07
Carly Fiorina,0.01,2016-04-16.00:18:07
Rick Perry,0.01,2016-04-16.00:18:07
Rick Santorum,0.01,2016-04-16.00:18:07
Ben Carson,0.01,2016-04-16.00:18:07
Bobby Jindal,0.01,2016-04-16.00:18:07
Lincoln Chafee,0.01,2016-04-16.00:18:07
Bill de Blasio,0.01,2016-04-16.00:18:07
Jim Webb,0.01,2016-04-16.00:18:07
George Pataki,0.01,2016-04-16.00:18:07
Hillary Clinton,0.63,2016-04-17.01:01:30
Donald Trump,0.23,2016-04-17.01:01:30
Ted Cruz,0.09,2016-04-17.01:01:30
Bernie Sanders,0.09,2016-04-17.01:01:30
John Kasich,0.05,2016-04-17.01:01:30
Joe Biden,0.02,2016-04-17.01:01:30
Marco Rubio,0.01,2016-04-17.01:01:30
Jeb Bush ,0.01,2016-04-17.01:01:30
Chris Christie ,0.01,2016-04-17.01:01:30
Michael Bloomberg,0.01,2016-04-17.01:01:30
Sarah Palin,0.01,2016-04-17.01:01:30
Elizabeth Warren,0.01,2016-04-17.01:01:30
Rand Paul,0.01,2016-04-17.01:01:30
Mitt Romney,0.01,2016-04-17.01:01:30
Martin O'Malley,0.01,2016-04-17.01:01:30
Jerry Brown,0.01,2016-04-17.01:01:30
Lindsey Graham,0.01,2016-04-17.01:01:30
Mike Huckabee,0.01,2016-04-17.01:01:30
Scott Walker,0.01,2016-04-17.01:01:30
Mike Pence,0.01,2016-04-17.01:01:30
Carly Fiorina,0.01,2016-04-17.01:01:30
Rick Perry,0.01,2016-04-17.01:01:30
Rick Santorum,0.01,2016-04-17.01:01:30
Ben Carson,0.01,2016-04-17.01:01:30
Paul Ryan,0.02,2016-04-17.01:01:30
Bobby Jindal,0.01,2016-04-17.01:01:30
Lincoln Chafee,0.01,2016-04-17.01:01:30
Bill de Blasio,0.01,2016-04-17.01:01:30
Jim Webb,0.01,2016-04-17.01:01:30
George Pataki,0.01,2016-04-17.01:01:30
Hillary Clinton,0.66,2016-04-19.20:19:55
Donald Trump,0.25,2016-04-19.20:19:55
Ted Cruz,0.10,2016-04-19.20:19:55
Bernie Sanders,0.08,2016-04-19.20:19:55
John Kasich,0.06,2016-04-19.20:19:55
Joe Biden,0.02,2016-04-19.20:19:55
Paul Ryan,0.02,2016-04-19.20:19:55
Marco Rubio,0.01,2016-04-19.20:19:55
Jeb Bush ,0.01,2016-04-19.20:19:55
Chris Christie ,0.01,2016-04-19.20:19:55
Michael Bloomberg,0.01,2016-04-19.20:19:55
Sarah Palin,0.01,2016-04-19.20:19:55
Elizabeth Warren,0.01,2016-04-19.20:19:55
Rand Paul,0.01,2016-04-19.20:19:55
Mitt Romney,0.01,2016-04-19.20:19:55
Martin O'Malley,0.01,2016-04-19.20:19:55
Jerry Brown,0.01,2016-04-19.20:19:55
Lindsey Graham,0.01,2016-04-19.20:19:55
Mike Huckabee,0.01,2016-04-19.20:19:55
Scott Walker,0.01,2016-04-19.20:19:55
Mike Pence,0.01,2016-04-19.20:19:55
Carly Fiorina,0.01,2016-04-19.20:19:55
Rick Perry,0.01,2016-04-19.20:19:55
Rick Santorum,0.01,2016-04-19.20:19:55
Ben Carson,0.01,2016-04-19.20:19:55
Bobby Jindal,0.01,2016-04-19.20:19:55
Lincoln Chafee,0.01,2016-04-19.20:19:55
Bill de Blasio,0.01,2016-04-19.20:19:55
Jim Webb,0.01,2016-04-19.20:19:55
George Pataki,0.01,2016-04-19.20:19:55
Hillary Clinton,0.68,2016-04-20.17:04:11
Donald Trump,0.25,2016-04-20.17:04:11
Ted Cruz,0.09,2016-04-20.17:04:11
Bernie Sanders,0.04,2016-04-20.17:04:11
John Kasich,0.04,2016-04-20.17:04:11
Joe Biden,0.02,2016-04-20.17:04:11
Paul Ryan,0.01,2016-04-20.17:04:11
Mitt Romney,0.02,2016-04-20.17:04:11
Marco Rubio,0.01,2016-04-20.17:04:11
Jeb Bush ,0.01,2016-04-20.17:04:11
Chris Christie ,0.01,2016-04-20.17:04:11
Michael Bloomberg,0.01,2016-04-20.17:04:11
Sarah Palin,0.01,2016-04-20.17:04:11
Elizabeth Warren,0.01,2016-04-20.17:04:11
Rand Paul,0.01,2016-04-20.17:04:11
Martin O'Malley,0.01,2016-04-20.17:04:11
Jerry Brown,0.01,2016-04-20.17:04:11
Lindsey Graham,0.01,2016-04-20.17:04:11
Mike Huckabee,0.01,2016-04-20.17:04:11
Scott Walker,0.01,2016-04-20.17:04:11
Mike Pence,0.01,2016-04-20.17:04:11
Carly Fiorina,0.01,2016-04-20.17:04:11
Rick Perry,0.01,2016-04-20.17:04:11
Rick Santorum,0.01,2016-04-20.17:04:11
Ben Carson,0.01,2016-04-20.17:04:11
Bobby Jindal,0.01,2016-04-20.17:04:11
Lincoln Chafee,0.01,2016-04-20.17:04:11
Bill de Blasio,0.01,2016-04-20.17:04:11
Jim Webb,0.01,2016-04-20.17:04:11
George Pataki,0.01,2016-04-20.17:04:11
Hillary Clinton,0.69,2016-04-21.11:56:06
Donald Trump,0.28,2016-04-21.11:56:06
Ted Cruz,0.10,2016-04-21.11:56:06
Bernie Sanders,0.05,2016-04-21.11:56:06
John Kasich,0.04,2016-04-21.11:56:06
Joe Biden,0.03,2016-04-21.11:56:06
Marco Rubio,0.01,2016-04-21.11:56:06
Jeb Bush ,0.01,2016-04-21.11:56:06
Chris Christie ,0.01,2016-04-21.11:56:06
Michael Bloomberg,0.01,2016-04-21.11:56:06
Sarah Palin,0.01,2016-04-21.11:56:06
Elizabeth Warren,0.01,2016-04-21.11:56:06
Rand Paul,0.01,2016-04-21.11:56:06
Mitt Romney,0.01,2016-04-21.11:56:06
Martin O'Malley,0.01,2016-04-21.11:56:06
Jerry Brown,0.01,2016-04-21.11:56:06
Lindsey Graham,0.01,2016-04-21.11:56:06
Mike Huckabee,0.01,2016-04-21.11:56:06
Scott Walker,0.01,2016-04-21.11:56:06
Mike Pence,0.01,2016-04-21.11:56:06
Carly Fiorina,0.01,2016-04-21.11:56:06
Rick Perry,0.01,2016-04-21.11:56:06
Rick Santorum,0.01,2016-04-21.11:56:06
Ben Carson,0.01,2016-04-21.11:56:06
Paul Ryan,0.02,2016-04-21.11:56:06
Bobby Jindal,0.01,2016-04-21.11:56:06
Lincoln Chafee,0.01,2016-04-21.11:56:06
Bill de Blasio,0.01,2016-04-21.11:56:06
Jim Webb,0.01,2016-04-21.11:56:06
George Pataki,0.01,2016-04-21.11:56:06
Hillary Clinton,0.69,2016-04-21.19:25:13
Donald Trump,0.28,2016-04-21.19:25:13
Ted Cruz,0.10,2016-04-21.19:25:13
John Kasich,0.04,2016-04-21.19:25:13
Bernie Sanders,0.05,2016-04-21.19:25:13
Joe Biden,0.03,2016-04-21.19:25:13
Paul Ryan,0.02,2016-04-21.19:25:13
Marco Rubio,0.01,2016-04-21.19:25:13
Jeb Bush ,0.01,2016-04-21.19:25:13
Chris Christie ,0.01,2016-04-21.19:25:13
Michael Bloomberg,0.01,2016-04-21.19:25:13
Sarah Palin,0.01,2016-04-21.19:25:13
Elizabeth Warren,0.01,2016-04-21.19:25:13
Rand Paul,0.01,2016-04-21.19:25:13
Mitt Romney,0.01,2016-04-21.19:25:13
Martin O'Malley,0.01,2016-04-21.19:25:13
Jerry Brown,0.01,2016-04-21.19:25:13
Lindsey Graham,0.01,2016-04-21.19:25:13
Mike Huckabee,0.01,2016-04-21.19:25:13
Scott Walker,0.01,2016-04-21.19:25:13
Mike Pence,0.01,2016-04-21.19:25:13
Carly Fiorina,0.01,2016-04-21.19:25:13
Rick Perry,0.01,2016-04-21.19:25:13
Rick Santorum,0.01,2016-04-21.19:25:13
Ben Carson,0.01,2016-04-21.19:25:13
Bobby Jindal,0.01,2016-04-21.19:25:13
Lincoln Chafee,0.01,2016-04-21.19:25:13
Bill de Blasio,0.01,2016-04-21.19:25:13
Jim Webb,0.01,2016-04-21.19:25:13
George Pataki,0.01,2016-04-21.19:25:13
Hillary Clinton,0.68,2016-04-22.22:46:39
Donald Trump,0.25,2016-04-22.22:46:39
Ted Cruz,0.08,2016-04-22.22:46:39
Bernie Sanders,0.05,2016-04-22.22:46:39
John Kasich,0.04,2016-04-22.22:46:39
Joe Biden,0.02,2016-04-22.22:46:39
Paul Ryan,0.02,2016-04-22.22:46:39
Marco Rubio,0.01,2016-04-22.22:46:39
Jeb Bush ,0.01,2016-04-22.22:46:39
Chris Christie ,0.01,2016-04-22.22:46:39
Michael Bloomberg,0.01,2016-04-22.22:46:39
Sarah Palin,0.01,2016-04-22.22:46:39
Elizabeth Warren,0.01,2016-04-22.22:46:39
Rand Paul,0.01,2016-04-22.22:46:39
Mitt Romney,0.01,2016-04-22.22:46:39
Martin O'Malley,0.01,2016-04-22.22:46:39
Jerry Brown,0.01,2016-04-22.22:46:39
Lindsey Graham,0.01,2016-04-22.22:46:39
Mike Huckabee,0.01,2016-04-22.22:46:39
Scott Walker,0.01,2016-04-22.22:46:39
Mike Pence,0.01,2016-04-22.22:46:39
Carly Fiorina,0.01,2016-04-22.22:46:39
Rick Perry,0.01,2016-04-22.22:46:39
Rick Santorum,0.01,2016-04-22.22:46:39
Ben Carson,0.01,2016-04-22.22:46:39
Bobby Jindal,0.01,2016-04-22.22:46:39
Lincoln Chafee,0.01,2016-04-22.22:46:39
Bill de Blasio,0.01,2016-04-22.22:46:39
Jim Webb,0.01,2016-04-22.22:46:39
George Pataki,0.01,2016-04-22.22:46:39
Hillary Clinton,0.66,2016-04-25.02:21:17
Donald Trump,0.28,2016-04-25.02:21:17
Ted Cruz,0.08,2016-04-25.02:21:17
Bernie Sanders,0.05,2016-04-25.02:21:17
John Kasich,0.03,2016-04-25.02:21:17
Joe Biden,0.02,2016-04-25.02:21:17
Paul Ryan,0.02,2016-04-25.02:21:17
Marco Rubio,0.01,2016-04-25.02:21:17
Jeb Bush ,0.01,2016-04-25.02:21:17
Chris Christie ,0.01,2016-04-25.02:21:17
Michael Bloomberg,0.01,2016-04-25.02:21:17
Sarah Palin,0.01,2016-04-25.02:21:17
Elizabeth Warren,0.01,2016-04-25.02:21:17
Rand Paul,0.01,2016-04-25.02:21:17
Mitt Romney,0.01,2016-04-25.02:21:17
Martin O'Malley,0.01,2016-04-25.02:21:17
Jerry Brown,0.01,2016-04-25.02:21:17
Lindsey Graham,0.01,2016-04-25.02:21:17
Mike Huckabee,0.01,2016-04-25.02:21:17
Scott Walker,0.01,2016-04-25.02:21:17
Mike Pence,0.01,2016-04-25.02:21:17
Carly Fiorina,0.01,2016-04-25.02:21:17
Rick Perry,0.01,2016-04-25.02:21:17
Rick Santorum,0.01,2016-04-25.02:21:17
Ben Carson,0.01,2016-04-25.02:21:17
Bobby Jindal,0.01,2016-04-25.02:21:17
Lincoln Chafee,0.01,2016-04-25.02:21:17
Bill de Blasio,0.01,2016-04-25.02:21:17
Jim Webb,0.01,2016-04-25.02:21:17
George Pataki,0.01,2016-04-25.02:21:17
Hillary Clinton,0.66,2016-04-26.03:35:54
Donald Trump,0.32,2016-04-26.03:35:54
Ted Cruz,0.06,2016-04-26.03:35:54
Bernie Sanders,0.04,2016-04-26.03:35:54
John Kasich,0.03,2016-04-26.03:35:54
Joe Biden,0.02,2016-04-26.03:35:54
Marco Rubio,0.01,2016-04-26.03:35:54
Jeb Bush ,0.01,2016-04-26.03:35:54
Chris Christie ,0.01,2016-04-26.03:35:54
Michael Bloomberg,0.01,2016-04-26.03:35:54
Sarah Palin,0.01,2016-04-26.03:35:54
Elizabeth Warren,0.01,2016-04-26.03:35:54
Rand Paul,0.01,2016-04-26.03:35:54
Mitt Romney,0.01,2016-04-26.03:35:54
Martin O'Malley,0.01,2016-04-26.03:35:54
Jerry Brown,0.01,2016-04-26.03:35:54
Lindsey Graham,0.01,2016-04-26.03:35:54
Mike Huckabee,0.01,2016-04-26.03:35:54
Scott Walker,0.01,2016-04-26.03:35:54
Mike Pence,0.01,2016-04-26.03:35:54
Carly Fiorina,0.01,2016-04-26.03:35:54
Rick Perry,0.01,2016-04-26.03:35:54
Rick Santorum,0.01,2016-04-26.03:35:54
Ben Carson,0.01,2016-04-26.03:35:54
Paul Ryan,0.01,2016-04-26.03:35:54
Bobby Jindal,0.01,2016-04-26.03:35:54
Lincoln Chafee,0.01,2016-04-26.03:35:54
Bill de Blasio,0.01,2016-04-26.03:35:54
Jim Webb,0.01,2016-04-26.03:35:54
George Pataki,0.01,2016-04-26.03:35:54
Hillary Clinton,0.67,2016-04-28.01:15:39
Donald Trump,0.33,2016-04-28.01:15:39
Ted Cruz,0.05,2016-04-28.01:15:39
Bernie Sanders,0.03,2016-04-28.01:15:39
John Kasich,0.02,2016-04-28.01:15:39
Paul Ryan,0.02,2016-04-28.01:15:39
Marco Rubio,0.01,2016-04-28.01:15:39
Jeb Bush ,0.01,2016-04-28.01:15:39
Chris Christie ,0.01,2016-04-28.01:15:39
Joe Biden,0.01,2016-04-28.01:15:39
Michael Bloomberg,0.01,2016-04-28.01:15:39
Sarah Palin,0.01,2016-04-28.01:15:39
Elizabeth Warren,0.01,2016-04-28.01:15:39
Rand Paul,0.01,2016-04-28.01:15:39
Mitt Romney,0.01,2016-04-28.01:15:39
Martin O'Malley,0.01,2016-04-28.01:15:39
Jerry Brown,0.01,2016-04-28.01:15:39
Lindsey Graham,0.01,2016-04-28.01:15:39
Mike Huckabee,0.01,2016-04-28.01:15:39
Scott Walker,0.01,2016-04-28.01:15:39
Mike Pence,0.01,2016-04-28.01:15:39
Carly Fiorina,0.01,2016-04-28.01:15:39
Rick Perry,0.01,2016-04-28.01:15:39
Rick Santorum,0.01,2016-04-28.01:15:39
Ben Carson,0.01,2016-04-28.01:15:39
Bobby Jindal,0.01,2016-04-28.01:15:39
Lincoln Chafee,0.01,2016-04-28.01:15:39
Bill de Blasio,0.01,2016-04-28.01:15:39
Jim Webb,0.01,2016-04-28.01:15:39
George Pataki,0.01,2016-04-28.01:15:39
Hillary Clinton,0.66,2016-04-29.21:09:10
Donald Trump,0.35,2016-04-29.21:09:10
Ted Cruz,0.06,2016-04-29.21:09:10
Bernie Sanders,0.05,2016-04-29.21:09:10
John Kasich,0.02,2016-04-29.21:09:10
Joe Biden,0.02,2016-04-29.21:09:10
Marco Rubio,0.01,2016-04-29.21:09:10
Jeb Bush ,0.01,2016-04-29.21:09:10
Chris Christie ,0.01,2016-04-29.21:09:10
Michael Bloomberg,0.01,2016-04-29.21:09:10
Sarah Palin,0.01,2016-04-29.21:09:10
Elizabeth Warren,0.01,2016-04-29.21:09:10
Rand Paul,0.01,2016-04-29.21:09:10
Mitt Romney,0.01,2016-04-29.21:09:10
Martin O'Malley,0.01,2016-04-29.21:09:10
Jerry Brown,0.01,2016-04-29.21:09:10
Lindsey Graham,0.01,2016-04-29.21:09:10
Mike Huckabee,0.01,2016-04-29.21:09:10
Scott Walker,0.01,2016-04-29.21:09:10
Mike Pence,0.01,2016-04-29.21:09:10
Carly Fiorina,0.01,2016-04-29.21:09:10
Rick Perry,0.01,2016-04-29.21:09:10
Rick Santorum,0.01,2016-04-29.21:09:10
Ben Carson,0.01,2016-04-29.21:09:10
Paul Ryan,0.01,2016-04-29.21:09:10
Bobby Jindal,0.01,2016-04-29.21:09:10
Lincoln Chafee,0.01,2016-04-29.21:09:10
Bill de Blasio,0.01,2016-04-29.21:09:10
Jim Webb,0.01,2016-04-29.21:09:10
George Pataki,0.01,2016-04-29.21:09:10
Hillary Clinton,0.65,2016-04-30.20:41:13
Donald Trump,0.34,2016-04-30.20:41:13
Ted Cruz,0.05,2016-04-30.20:41:13
Bernie Sanders,0.04,2016-04-30.20:41:13
Joe Biden,0.03,2016-04-30.20:41:13
John Kasich,0.02,2016-04-30.20:41:13
Paul Ryan,0.01,2016-04-30.20:41:13
Marco Rubio,0.01,2016-04-30.20:41:13
Jeb Bush ,0.01,2016-04-30.20:41:13
Chris Christie ,0.01,2016-04-30.20:41:13
Michael Bloomberg,0.01,2016-04-30.20:41:13
Sarah Palin,0.01,2016-04-30.20:41:13
Elizabeth Warren,0.01,2016-04-30.20:41:13
Rand Paul,0.01,2016-04-30.20:41:13
Mitt Romney,0.01,2016-04-30.20:41:13
Martin O'Malley,0.01,2016-04-30.20:41:13
Jerry Brown,0.01,2016-04-30.20:41:13
Lindsey Graham,0.01,2016-04-30.20:41:13
Mike Huckabee,0.01,2016-04-30.20:41:13
Scott Walker,0.01,2016-04-30.20:41:13
Mike Pence,0.01,2016-04-30.20:41:13
Carly Fiorina,0.01,2016-04-30.20:41:13
Rick Perry,0.01,2016-04-30.20:41:13
Rick Santorum,0.01,2016-04-30.20:41:13
Ben Carson,0.01,2016-04-30.20:41:13
Bobby Jindal,0.01,2016-04-30.20:41:13
Lincoln Chafee,0.01,2016-04-30.20:41:13
Bill de Blasio,0.01,2016-04-30.20:41:13
Jim Webb,0.01,2016-04-30.20:41:13
George Pataki,0.01,2016-04-30.20:41:13
Hillary Clinton,0.62,2016-05-03.11:47:28
Donald Trump,0.40,2016-05-03.11:47:28
Bernie Sanders,0.05,2016-05-03.11:47:28
Joe Biden,0.02,2016-05-03.11:47:28
Ted Cruz,0.02,2016-05-03.11:47:28
John Kasich,0.01,2016-05-03.11:47:28
Marco Rubio,0.01,2016-05-03.11:47:28
Jeb Bush ,0.01,2016-05-03.11:47:28
Chris Christie ,0.01,2016-05-03.11:47:28
Michael Bloomberg,0.01,2016-05-03.11:47:28
Sarah Palin,0.01,2016-05-03.11:47:28
Elizabeth Warren,0.01,2016-05-03.11:47:28
Rand Paul,0.01,2016-05-03.11:47:28
Mitt Romney,0.01,2016-05-03.11:47:28
Martin O'Malley,0.01,2016-05-03.11:47:28
Jerry Brown,0.01,2016-05-03.11:47:28
Lindsey Graham,0.01,2016-05-03.11:47:28
Mike Huckabee,0.01,2016-05-03.11:47:28
Scott Walker,0.01,2016-05-03.11:47:28
Mike Pence,0.01,2016-05-03.11:47:28
Carly Fiorina,0.01,2016-05-03.11:47:28
Rick Perry,0.01,2016-05-03.11:47:28
Rick Santorum,0.01,2016-05-03.11:47:28
Ben Carson,0.01,2016-05-03.11:47:28
Paul Ryan,0.01,2016-05-03.11:47:28
Bobby Jindal,0.01,2016-05-03.11:47:28
Lincoln Chafee,0.01,2016-05-03.11:47:28
Bill de Blasio,0.01,2016-05-03.11:47:28
Jim Webb,0.01,2016-05-03.11:47:28
George Pataki,0.01,2016-05-03.11:47:28
Hillary Clinton,0.61,2016-05-05.21:14:18
Donald Trump,0.39,2016-05-05.21:14:18
Bernie Sanders,0.07,2016-05-05.21:14:18
Joe Biden,0.02,2016-05-05.21:14:18
Marco Rubio,0.01,2016-05-05.21:14:18
Jeb Bush ,0.01,2016-05-05.21:14:18
Chris Christie ,0.01,2016-05-05.21:14:18
Michael Bloomberg,0.01,2016-05-05.21:14:18
Sarah Palin,0.01,2016-05-05.21:14:18
Elizabeth Warren,0.01,2016-05-05.21:14:18
Rand Paul,0.01,2016-05-05.21:14:18
Mitt Romney,0.01,2016-05-05.21:14:18
Martin O'Malley,0.01,2016-05-05.21:14:18
Jerry Brown,0.01,2016-05-05.21:14:18
Lindsey Graham,0.01,2016-05-05.21:14:18
Mike Huckabee,0.01,2016-05-05.21:14:18
Ted Cruz,0.01,2016-05-05.21:14:18
Scott Walker,0.01,2016-05-05.21:14:18
John Kasich,0.01,2016-05-05.21:14:18
Mike Pence,0.01,2016-05-05.21:14:18
Carly Fiorina,0.01,2016-05-05.21:14:18
Rick Perry,0.01,2016-05-05.21:14:18
Rick Santorum,0.01,2016-05-05.21:14:18
Ben Carson,0.01,2016-05-05.21:14:18
Paul Ryan,0.01,2016-05-05.21:14:18
Bobby Jindal,0.01,2016-05-05.21:14:18
Lincoln Chafee,0.01,2016-05-05.21:14:18
Bill de Blasio,0.01,2016-05-05.21:14:18
Jim Webb,0.01,2016-05-05.21:14:18
George Pataki,0.01,2016-05-05.21:14:18
Hillary Clinton,0.63,2016-05-07.11:49:41
Donald Trump,0.39,2016-05-07.11:49:41
Bernie Sanders,0.07,2016-05-07.11:49:41
Joe Biden,0.03,2016-05-07.11:49:41
Marco Rubio,0.01,2016-05-07.11:49:41
Jeb Bush ,0.01,2016-05-07.11:49:41
Chris Christie ,0.01,2016-05-07.11:49:41
Michael Bloomberg,0.01,2016-05-07.11:49:41
Sarah Palin,0.01,2016-05-07.11:49:41
Elizabeth Warren,0.01,2016-05-07.11:49:41
Rand Paul,0.01,2016-05-07.11:49:41
Mitt Romney,0.01,2016-05-07.11:49:41
Martin O'Malley,0.01,2016-05-07.11:49:41
Jerry Brown,0.01,2016-05-07.11:49:41
Lindsey Graham,0.01,2016-05-07.11:49:41
Mike Huckabee,0.01,2016-05-07.11:49:41
Ted Cruz,0.01,2016-05-07.11:49:41
Scott Walker,0.01,2016-05-07.11:49:41
John Kasich,0.01,2016-05-07.11:49:41
Mike Pence,0.01,2016-05-07.11:49:41
Carly Fiorina,0.01,2016-05-07.11:49:41
Rick Perry,0.01,2016-05-07.11:49:41
Rick Santorum,0.01,2016-05-07.11:49:41
Ben Carson,0.01,2016-05-07.11:49:41
Paul Ryan,0.01,2016-05-07.11:49:41
Bobby Jindal,0.01,2016-05-07.11:49:41
Lincoln Chafee,0.01,2016-05-07.11:49:41
Bill de Blasio,0.01,2016-05-07.11:49:41
Jim Webb,0.01,2016-05-07.11:49:41
George Pataki,0.01,2016-05-07.11:49:41
Hillary Clinton,0.63,2016-05-08.14:59:18
Donald Trump,0.38,2016-05-08.14:59:18
Bernie Sanders,0.07,2016-05-08.14:59:18
Joe Biden,0.03,2016-05-08.14:59:18
Marco Rubio,0.01,2016-05-08.14:59:18
Jeb Bush ,0.01,2016-05-08.14:59:18
Chris Christie ,0.01,2016-05-08.14:59:18
Michael Bloomberg,0.01,2016-05-08.14:59:18
Sarah Palin,0.01,2016-05-08.14:59:18
Elizabeth Warren,0.01,2016-05-08.14:59:18
Rand Paul,0.01,2016-05-08.14:59:18
Mitt Romney,0.02,2016-05-08.14:59:18
Martin O'Malley,0.01,2016-05-08.14:59:18
Jerry Brown,0.01,2016-05-08.14:59:18
Lindsey Graham,0.01,2016-05-08.14:59:18
Mike Huckabee,0.01,2016-05-08.14:59:18
Ted Cruz,0.01,2016-05-08.14:59:18
Scott Walker,0.01,2016-05-08.14:59:18
John Kasich,0.01,2016-05-08.14:59:18
Mike Pence,0.01,2016-05-08.14:59:18
Carly Fiorina,0.01,2016-05-08.14:59:18
Rick Perry,0.01,2016-05-08.14:59:18
Rick Santorum,0.01,2016-05-08.14:59:18
Ben Carson,0.01,2016-05-08.14:59:18
Paul Ryan,0.01,2016-05-08.14:59:18
Bobby Jindal,0.01,2016-05-08.14:59:18
Lincoln Chafee,0.01,2016-05-08.14:59:18
Bill de Blasio,0.01,2016-05-08.14:59:18
Jim Webb,0.01,2016-05-08.14:59:18
George Pataki,0.01,2016-05-08.14:59:18
Hillary Clinton,0.63,2016-05-10.01:14:31
Donald Trump,0.38,2016-05-10.01:14:31
Bernie Sanders,0.08,2016-05-10.01:14:31
Joe Biden,0.03,2016-05-10.01:14:31
Mitt Romney,0.01,2016-05-10.01:14:31
Marco Rubio,0.01,2016-05-10.01:14:31
Jeb Bush ,0.01,2016-05-10.01:14:31
Chris Christie ,0.01,2016-05-10.01:14:31
Michael Bloomberg,0.01,2016-05-10.01:14:31
Sarah Palin,0.01,2016-05-10.01:14:31
Elizabeth Warren,0.01,2016-05-10.01:14:31
Rand Paul,0.01,2016-05-10.01:14:31
Martin O'Malley,0.01,2016-05-10.01:14:31
Jerry Brown,0.01,2016-05-10.01:14:31
Lindsey Graham,0.01,2016-05-10.01:14:31
Mike Huckabee,0.01,2016-05-10.01:14:31
Ted Cruz,0.01,2016-05-10.01:14:31
Scott Walker,0.01,2016-05-10.01:14:31
John Kasich,0.01,2016-05-10.01:14:31
Mike Pence,0.01,2016-05-10.01:14:31
Carly Fiorina,0.01,2016-05-10.01:14:31
Rick Perry,0.01,2016-05-10.01:14:31
Rick Santorum,0.01,2016-05-10.01:14:31
Ben Carson,0.01,2016-05-10.01:14:31
Paul Ryan,0.01,2016-05-10.01:14:31
Bobby Jindal,0.01,2016-05-10.01:14:31
Lincoln Chafee,0.01,2016-05-10.01:14:31
Bill de Blasio,0.01,2016-05-10.01:14:31
Jim Webb,0.01,2016-05-10.01:14:31
George Pataki,0.01,2016-05-10.01:14:31
Hillary Clinton,0.63,2016-05-10.01:15:10
Donald Trump,0.38,2016-05-10.01:15:10
Bernie Sanders,0.08,2016-05-10.01:15:10
Joe Biden,0.03,2016-05-10.01:15:10
Mitt Romney,0.01,2016-05-10.01:15:10
Marco Rubio,0.01,2016-05-10.01:15:10
Jeb Bush ,0.01,2016-05-10.01:15:10
Chris Christie ,0.01,2016-05-10.01:15:10
Michael Bloomberg,0.01,2016-05-10.01:15:10
Sarah Palin,0.01,2016-05-10.01:15:10
Elizabeth Warren,0.01,2016-05-10.01:15:10
Rand Paul,0.01,2016-05-10.01:15:10
Martin O'Malley,0.01,2016-05-10.01:15:10
Jerry Brown,0.01,2016-05-10.01:15:10
Lindsey Graham,0.01,2016-05-10.01:15:10
Mike Huckabee,0.01,2016-05-10.01:15:10
Ted Cruz,0.01,2016-05-10.01:15:10
Scott Walker,0.01,2016-05-10.01:15:10
John Kasich,0.01,2016-05-10.01:15:10
Mike Pence,0.01,2016-05-10.01:15:10
Carly Fiorina,0.01,2016-05-10.01:15:10
Rick Perry,0.01,2016-05-10.01:15:10
Rick Santorum,0.01,2016-05-10.01:15:10
Ben Carson,0.01,2016-05-10.01:15:10
Paul Ryan,0.01,2016-05-10.01:15:10
Bobby Jindal,0.01,2016-05-10.01:15:10
Lincoln Chafee,0.01,2016-05-10.01:15:10
Bill de Blasio,0.01,2016-05-10.01:15:10
Jim Webb,0.01,2016-05-10.01:15:10
George Pataki,0.01,2016-05-10.01:15:10
Hillary Clinton,0.60,2016-05-12.11:18:19
Donald Trump,0.41,2016-05-12.11:18:19
Bernie Sanders,0.06,2016-05-12.11:18:19
Joe Biden,0.05,2016-05-12.11:18:19
Marco Rubio,0.01,2016-05-12.11:18:19
Jeb Bush ,0.01,2016-05-12.11:18:19
Chris Christie ,0.01,2016-05-12.11:18:19
Michael Bloomberg,0.01,2016-05-12.11:18:19
Sarah Palin,0.01,2016-05-12.11:18:19
Elizabeth Warren,0.01,2016-05-12.11:18:19
Rand Paul,0.01,2016-05-12.11:18:19
Mitt Romney,0.01,2016-05-12.11:18:19
Martin O'Malley,0.01,2016-05-12.11:18:19
Jerry Brown,0.01,2016-05-12.11:18:19
Lindsey Graham,0.01,2016-05-12.11:18:19
Mike Huckabee,0.01,2016-05-12.11:18:19
Ted Cruz,0.01,2016-05-12.11:18:19
Scott Walker,0.01,2016-05-12.11:18:19
John Kasich,0.01,2016-05-12.11:18:19
Mike Pence,0.01,2016-05-12.11:18:19
Carly Fiorina,0.01,2016-05-12.11:18:19
Rick Perry,0.01,2016-05-12.11:18:19
Rick Santorum,0.01,2016-05-12.11:18:19
Ben Carson,0.01,2016-05-12.11:18:19
Paul Ryan,0.01,2016-05-12.11:18:19
Bobby Jindal,0.01,2016-05-12.11:18:19
Lincoln Chafee,0.01,2016-05-12.11:18:19
Bill de Blasio,0.01,2016-05-12.11:18:19
Jim Webb,0.01,2016-05-12.11:18:19
George Pataki,0.01,2016-05-12.11:18:19
Gary Johnson,,2016-05-12.11:18:19
Hillary Clinton,0.60,2016-05-13.23:24:01
Donald Trump,0.40,2016-05-13.23:24:01
Bernie Sanders,0.07,2016-05-13.23:24:01
Joe Biden,0.05,2016-05-13.23:24:01
Ted Cruz,0.01,2016-05-13.23:24:01
Marco Rubio,0.01,2016-05-13.23:24:01
Jeb Bush ,0.01,2016-05-13.23:24:01
Chris Christie ,0.01,2016-05-13.23:24:01
Michael Bloomberg,0.01,2016-05-13.23:24:01
Sarah Palin,0.01,2016-05-13.23:24:01
Elizabeth Warren,0.01,2016-05-13.23:24:01
Rand Paul,0.01,2016-05-13.23:24:01
Mitt Romney,0.01,2016-05-13.23:24:01
Martin O'Malley,0.01,2016-05-13.23:24:01
Jerry Brown,0.01,2016-05-13.23:24:01
Lindsey Graham,0.01,2016-05-13.23:24:01
Mike Huckabee,0.01,2016-05-13.23:24:01
Scott Walker,0.01,2016-05-13.23:24:01
John Kasich,0.01,2016-05-13.23:24:01
Mike Pence,0.01,2016-05-13.23:24:01
Carly Fiorina,0.01,2016-05-13.23:24:01
Rick Perry,0.01,2016-05-13.23:24:01
Rick Santorum,0.01,2016-05-13.23:24:01
Ben Carson,0.01,2016-05-13.23:24:01
Paul Ryan,0.01,2016-05-13.23:24:01
Bobby Jindal,0.01,2016-05-13.23:24:01
Lincoln Chafee,0.01,2016-05-13.23:24:01
Bill de Blasio,0.01,2016-05-13.23:24:01
Jim Webb,0.01,2016-05-13.23:24:01
George Pataki,0.01,2016-05-13.23:24:01
Gary Johnson,0.01,2016-05-13.23:24:01
Hillary Clinton,0.59,2016-05-16.00:59:12
Donald Trump,0.40,2016-05-16.00:59:12
Bernie Sanders,0.06,2016-05-16.00:59:12
Joe Biden,0.05,2016-05-16.00:59:12
Marco Rubio,0.01,2016-05-16.00:59:12
Jeb Bush ,0.01,2016-05-16.00:59:12
Chris Christie ,0.01,2016-05-16.00:59:12
Michael Bloomberg,0.01,2016-05-16.00:59:12
Sarah Palin,0.01,2016-05-16.00:59:12
Elizabeth Warren,0.01,2016-05-16.00:59:12
Rand Paul,0.01,2016-05-16.00:59:12
Mitt Romney,0.01,2016-05-16.00:59:12
Martin O'Malley,0.01,2016-05-16.00:59:12
Jerry Brown,0.01,2016-05-16.00:59:12
Lindsey Graham,0.01,2016-05-16.00:59:12
Mike Huckabee,0.01,2016-05-16.00:59:12
Ted Cruz,0.01,2016-05-16.00:59:12
Scott Walker,0.01,2016-05-16.00:59:12
John Kasich,0.01,2016-05-16.00:59:12
Mike Pence,0.01,2016-05-16.00:59:12
Carly Fiorina,0.01,2016-05-16.00:59:12
Rick Perry,0.01,2016-05-16.00:59:12
Rick Santorum,0.01,2016-05-16.00:59:12
Ben Carson,0.01,2016-05-16.00:59:12
Paul Ryan,0.01,2016-05-16.00:59:12
Bobby Jindal,0.01,2016-05-16.00:59:12
Lincoln Chafee,0.01,2016-05-16.00:59:12
Bill de Blasio,0.01,2016-05-16.00:59:12
Jim Webb,0.01,2016-05-16.00:59:12
George Pataki,0.01,2016-05-16.00:59:12
Gary Johnson,0.01,2016-05-16.00:59:12
Hillary Clinton,0.59,2016-05-16.14:52:35
Donald Trump,0.40,2016-05-16.14:52:35
Bernie Sanders,0.06,2016-05-16.14:52:35
Joe Biden,0.05,2016-05-16.14:52:35
Marco Rubio,0.01,2016-05-16.14:52:35
Jeb Bush ,0.01,2016-05-16.14:52:35
Chris Christie ,0.01,2016-05-16.14:52:35
Michael Bloomberg,0.01,2016-05-16.14:52:35
Sarah Palin,0.01,2016-05-16.14:52:35
Elizabeth Warren,0.01,2016-05-16.14:52:35
Rand Paul,0.01,2016-05-16.14:52:35
Mitt Romney,0.01,2016-05-16.14:52:35
Martin O'Malley,0.01,2016-05-16.14:52:35
Jerry Brown,0.01,2016-05-16.14:52:35
Lindsey Graham,0.01,2016-05-16.14:52:35
Mike Huckabee,0.01,2016-05-16.14:52:35
Ted Cruz,0.01,2016-05-16.14:52:35
Scott Walker,0.01,2016-05-16.14:52:35
John Kasich,0.01,2016-05-16.14:52:35
Mike Pence,0.01,2016-05-16.14:52:35
Carly Fiorina,0.01,2016-05-16.14:52:35
Rick Perry,0.01,2016-05-16.14:52:35
Rick Santorum,0.01,2016-05-16.14:52:35
Ben Carson,0.01,2016-05-16.14:52:35
Paul Ryan,0.01,2016-05-16.14:52:35
Bobby Jindal,0.01,2016-05-16.14:52:35
Lincoln Chafee,0.01,2016-05-16.14:52:35
Bill de Blasio,0.01,2016-05-16.14:52:35
Jim Webb,0.01,2016-05-16.14:52:35
George Pataki,0.01,2016-05-16.14:52:35
Gary Johnson,0.01,2016-05-16.14:52:35
Hillary Clinton,0.60,2016-05-17.23:43:13
Donald Trump,0.38,2016-05-17.23:43:13
Bernie Sanders,0.05,2016-05-17.23:43:13
Joe Biden,0.05,2016-05-17.23:43:13
Marco Rubio,0.01,2016-05-17.23:43:13
Jeb Bush ,0.01,2016-05-17.23:43:13
Chris Christie ,0.01,2016-05-17.23:43:13
Michael Bloomberg,0.01,2016-05-17.23:43:13
Sarah Palin,0.01,2016-05-17.23:43:13
Elizabeth Warren,0.01,2016-05-17.23:43:13
Rand Paul,0.01,2016-05-17.23:43:13
Mitt Romney,0.01,2016-05-17.23:43:13
Martin O'Malley,0.01,2016-05-17.23:43:13
Jerry Brown,0.01,2016-05-17.23:43:13
Lindsey Graham,0.01,2016-05-17.23:43:13
Mike Huckabee,0.01,2016-05-17.23:43:13
Ted Cruz,0.01,2016-05-17.23:43:13
Scott Walker,0.01,2016-05-17.23:43:13
John Kasich,0.01,2016-05-17.23:43:13
Mike Pence,0.01,2016-05-17.23:43:13
Carly Fiorina,0.01,2016-05-17.23:43:13
Rick Perry,0.01,2016-05-17.23:43:13
Rick Santorum,0.01,2016-05-17.23:43:13
Ben Carson,0.01,2016-05-17.23:43:13
Paul Ryan,0.01,2016-05-17.23:43:13
Bobby Jindal,0.01,2016-05-17.23:43:13
Lincoln Chafee,0.01,2016-05-17.23:43:13
Bill de Blasio,0.01,2016-05-17.23:43:13
Jim Webb,0.01,2016-05-17.23:43:13
George Pataki,0.01,2016-05-17.23:43:13
Gary Johnson,0.01,2016-05-17.23:43:13
